UTC_Timestamp,Download_Resolution,Download_Bitrate,Bandwidth_Estimate,FPS,Skipped_Frames,Buffer_Size,Latency_To_Broadcaster,Codecs,Protocol,Latency_Mode
1741547960088,0x0,0x0,750x422,N/A,0,1000,0.00.,0.00.,N/A,Normal Latency
1741547960486,0x0,0x0,750x422,N/A,0,1000,0.00.,0.00.,N/A,Low Latency
1741547960885,0x0,0x0,750x422,N/A,0,1000,0.00.,0.00.,avc1.4D401F,mp4a.40.2,Low Latency
1741547961286,0x0,0x0,750x422,N/A,0,1000,0.00.,0.00.,avc1.4D401F,mp4a.40.2,Low Latency
1741547961687,0x0,0x0,750x422,N/A,0,1000,0.00.,0.00.,avc1.4D401F,mp4a.40.2,Low Latency
1741547962087,0x0,0x0,750x422,N/A,0,1000,0.00.,0.00.,avc1.4D401F,mp4a.40.2,Low Latency
1741547962488,0x0,0x0,750x422,N/A,0,1000,0.00.,0.00.,avc1.4D401F,mp4a.40.2,Low Latency
1741547962888,0x0,0x0,750x422,N/A,0,1000,0.00.,0.00.,avc1.4D401F,mp4a.40.2,Low Latency
1741547963288,0x0,0x0,750x422,N/A,0,1000,0.00.,0.00.,avc1.4D401F,mp4a.40.2,Low Latency
1741547963688,0x0,0x0,750x422,N/A,0,1000,0.00.,0.00.,avc1.4D401F,mp4a.40.2,Low Latency
1741547964088,0x0,0x0,750x422,N/A,0,1000,0.00.,0.00.,avc1.4D401F,mp4a.40.2,Low Latency
1741547964488,0x0,0x0,750x422,N/A,0,1000,0.00.,0.00.,avc1.4D401F,mp4a.40.2,Low Latency
1741547964889,0x0,0x0,750x422,N/A,0,1000,0.00.,0.00.,avc1.4D401F,mp4a.40.2,Low Latency
1741547965290,0x0,0x0,750x422,N/A,0,1000,0.00.,0.00.,avc1.4D401F,mp4a.40.2,Low Latency
1741547965691,0x0,0x0,750x422,N/A,0,1000,0.00.,0.00.,avc1.4D401F,mp4a.40.2,Low Latency
1741547966092,0x0,0x0,750x422,N/A,0,1000,0.00.,0.00.,avc1.4D401F,mp4a.40.2,Low Latency
1741547966492,0x0,0x0,750x422,N/A,0,1000,0.00.,0.00.,avc1.4D401F,mp4a.40.2,Low Latency
1741547966892,0x0,0x0,750x422,N/A,0,1000,0.00.,0.00.,avc1.4D401F,mp4a.40.2,Low Latency
1741547967292,0x0,0x0,750x422,N/A,0,1000,0.00.,0.00.,avc1.4D401F,mp4a.40.2,Low Latency
1741547967692,0x0,0x0,750x422,N/A,0,1000,0.00.,0.00.,avc1.4D401F,mp4a.40.2,Low Latency
1741547968092,0x0,0x0,750x422,N/A,0,1000,0.00.,0.00.,avc1.4D401F,mp4a.40.2,Low Latency
1741547968493,0x0,0x0,750x422,N/A,0,1000,0.00.,0.00.,avc1.4D401F,mp4a.40.2,Low Latency
1741547968894,0x0,0x0,750x422,N/A,0,1000,0.00.,0.00.,avc1.4D401F,mp4a.40.2,Low Latency
1741547969295,0x0,0x0,750x422,N/A,0,1000,0.00.,0.00.,avc1.4D401F,mp4a.40.2,Low Latency
1741547969696,0x0,0x0,750x422,N/A,0,1000,0.00.,0.00.,avc1.4D401F,mp4a.40.2,Low Latency
1741547970097,0x0,0x0,750x422,N/A,0,1000,0.00.,0.00.,avc1.4D401F,mp4a.40.2,Low Latency
1741547970497,0x0,0x0,750x422,N/A,0,1000,0.00.,0.00.,avc1.4D401F,mp4a.40.2,Low Latency
1741547970897,0x0,0x0,750x422,N/A,0,1000,0.00.,0.00.,avc1.4D401F,mp4a.40.2,Low Latency
1741547971297,0x0,0x0,750x422,N/A,0,1000,0.00.,0.00.,avc1.4D401F,mp4a.40.2,Low Latency
1741547971697,0x0,0x0,750x422,N/A,0,1000,0.00.,0.00.,avc1.4D401F,mp4a.40.2,Low Latency
1741547972098,0x0,0x0,750x422,N/A,0,1000,0.00.,0.00.,avc1.4D401F,mp4a.40.2,Low Latency
1741547972511,0x0,0x0,750x422,N/A,0,1000,0.00.,0.00.,avc1.4D401F,mp4a.40.2,Low Latency
1741547972914,0x0,0x0,750x422,N/A,0,1000,0.00.,0.00.,avc1.4D401F,mp4a.40.2,Low Latency
1741547973314,0x0,0x0,750x422,N/A,0,1000,0.00.,0.00.,avc1.4D401F,mp4a.40.2,Low Latency
1741547973715,0x0,0x0,750x422,N/A,0,1000,0.00.,0.00.,avc1.4D401F,mp4a.40.2,Low Latency
1741547974114,0x0,0x0,750x422,N/A,0,1000,0.00.,0.00.,avc1.4D401F,mp4a.40.2,Low Latency
1741547974517,0x0,0x0,750x422,N/A,0,1000,0.00.,0.00.,avc1.4D401F,mp4a.40.2,Low Latency
1741547974918,0x0,0x0,750x422,N/A,0,1000,0.00.,0.00.,avc1.4D401F,mp4a.40.2,Low Latency
1741547975319,0x0,0x0,750x422,N/A,0,1000,0.00.,0.00.,avc1.4D401F,mp4a.40.2,Low Latency
1741547975723,0x0,0x0,750x422,N/A,0,1000,0.00.,0.00.,avc1.4D401F,mp4a.40.2,Low Latency
1741547976127,0x0,0x0,750x422,N/A,0,1000,0.00.,0.00.,avc1.4D401F,mp4a.40.2,Low Latency
1741547976530,0x0,0x0,750x422,N/A,0,1000,0.00.,0.00.,avc1.4D401F,mp4a.40.2,Low Latency
1741547976931,0x0,0x0,750x422,N/A,0,1000,0.00.,0.00.,avc1.4D401F,mp4a.40.2,Low Latency
1741547977332,0x0,0x0,750x422,N/A,0,1000,0.00.,0.00.,avc1.4D401F,mp4a.40.2,Low Latency
1741547977733,0x0,0x0,750x422,N/A,0,1000,0.00.,0.00.,avc1.4D401F,mp4a.40.2,Low Latency
1741547978133,0x0,0x0,750x422,N/A,0,1000,0.00.,0.00.,avc1.4D401F,mp4a.40.2,Low Latency
1741547978535,0x0,0x0,750x422,N/A,0,1000,0.00.,0.00.,avc1.4D401F,mp4a.40.2,Low Latency
1741547978934,0x0,0x0,750x422,N/A,0,1000,0.00.,0.00.,avc1.4D401F,mp4a.40.2,Low Latency
1741547979335,0x0,0x0,750x422,N/A,0,1000,0.00.,0.00.,avc1.4D401F,mp4a.40.2,Low Latency
1741547979736,0x0,0x0,750x422,N/A,0,1000,0.00.,0.00.,avc1.4D401F,mp4a.40.2,Low Latency
1741547980137,0x0,0x0,750x422,N/A,0,1000,0.00.,0.00.,avc1.4D401F,mp4a.40.2,Low Latency
1741547980537,0x0,0x0,750x422,N/A,0,1000,0.00.,0.00.,avc1.4D401F,mp4a.40.2,Low Latency
1741547980938,0x0,0x0,750x422,N/A,0,1000,0.00.,0.00.,avc1.4D401F,mp4a.40.2,Low Latency
1741547981337,0x0,0x0,750x422,N/A,0,1000,0.00.,0.00.,avc1.4D401F,mp4a.40.2,Low Latency
1741547981738,0x0,0x0,750x422,N/A,0,1000,0.00.,0.00.,avc1.4D401F,mp4a.40.2,Low Latency
1741547982139,0x0,0x0,750x422,N/A,0,1000,0.00.,0.00.,avc1.4D401F,mp4a.40.2,Low Latency
1741547982540,0x0,0x0,750x422,N/A,0,1000,0.00.,0.00.,avc1.4D401F,mp4a.40.2,Low Latency
1741547982943,0x0,0x0,750x422,N/A,0,1000,0.00.,0.00.,avc1.4D401F,mp4a.40.2,Low Latency
1741547983343,0x0,0x0,750x422,N/A,0,1000,0.00.,0.00.,avc1.4D401F,mp4a.40.2,Low Latency
1741547983743,0x0,0x0,750x422,N/A,0,1000,0.00.,0.00.,avc1.4D401F,mp4a.40.2,Low Latency
1741547984144,0x0,0x0,750x422,N/A,0,1000,0.00.,0.00.,avc1.4D401F,mp4a.40.2,Low Latency
1741547984545,0x0,0x0,750x422,N/A,0,1000,0.00.,0.00.,avc1.4D401F,mp4a.40.2,Low Latency
1741547984946,0x0,0x0,750x422,N/A,0,1000,0.00.,0.00.,avc1.4D401F,mp4a.40.2,Low Latency
1741547985346,0x0,0x0,750x422,N/A,0,1000,0.00.,0.00.,avc1.4D401F,mp4a.40.2,Low Latency
1741547985747,0x0,0x0,750x422,N/A,0,1000,0.00.,0.00.,avc1.4D401F,mp4a.40.2,Low Latency
1741547986148,0x0,0x0,750x422,N/A,0,1000,0.00.,0.00.,avc1.4D401F,mp4a.40.2,Low Latency
1741547986548,0x0,0x0,750x422,N/A,0,1000,0.00.,0.00.,avc1.4D401F,mp4a.40.2,Low Latency
1741547986950,0x0,0x0,750x422,N/A,0,1000,0.00.,0.00.,avc1.4D401F,mp4a.40.2,Low Latency
1741547987351,0x0,0x0,750x422,N/A,0,1000,0.00.,0.00.,avc1.4D401F,mp4a.40.2,Low Latency
1741547987751,0x0,0x0,750x422,N/A,0,1000,0.00.,0.00.,avc1.4D401F,mp4a.40.2,Low Latency
1741547988152,0x0,0x0,750x422,N/A,0,1000,0.00.,0.00.,avc1.4D401F,mp4a.40.2,Low Latency
1741547988552,0x0,0x0,750x422,N/A,0,1000,0.00.,0.00.,avc1.4D401F,mp4a.40.2,Low Latency
1741547988953,0x0,0x0,750x422,N/A,0,1000,0.00.,0.00.,avc1.4D401F,mp4a.40.2,Low Latency
1741547989354,0x0,0x0,750x422,N/A,0,1000,0.00.,0.00.,avc1.4D401F,mp4a.40.2,Low Latency
1741547989754,0x0,0x0,750x422,N/A,0,1000,0.00.,0.00.,avc1.4D401F,mp4a.40.2,Low Latency
1741547990155,0x0,0x0,750x422,N/A,0,1000,0.00.,0.00.,avc1.4D401F,mp4a.40.2,Low Latency
1741547990555,0x0,0x0,750x422,N/A,0,1000,0.00.,0.00.,avc1.4D401F,mp4a.40.2,Low Latency
1741547990956,0x0,0x0,750x422,N/A,0,1000,0.00.,0.00.,avc1.4D401F,mp4a.40.2,Low Latency
1741547991355,0x0,0x0,750x422,N/A,0,1000,0.00.,0.00.,avc1.4D401F,mp4a.40.2,Low Latency
1741547991756,0x0,0x0,750x422,N/A,0,1000,0.00.,0.00.,avc1.4D401F,mp4a.40.2,Low Latency
1741547992157,0x0,0x0,750x422,N/A,0,1000,0.00.,0.00.,avc1.4D401F,mp4a.40.2,Low Latency
1741547992557,0x0,0x0,750x422,N/A,0,1000,0.00.,0.00.,avc1.4D401F,mp4a.40.2,Low Latency
1741547992958,0x0,0x0,750x422,N/A,0,1000,0.00.,0.00.,avc1.4D401F,mp4a.40.2,Low Latency
1741547993358,0x0,0x0,750x422,N/A,0,1000,0.00.,0.00.,avc1.4D401F,mp4a.40.2,Low Latency
1741547993759,0x0,0x0,750x422,N/A,0,1000,0.00.,0.00.,avc1.4D401F,mp4a.40.2,Low Latency
1741547994160,0x0,0x0,750x422,N/A,0,1000,0.00.,0.00.,avc1.4D401F,mp4a.40.2,Low Latency
1741547994560,0x0,0x0,750x422,N/A,0,1000,0.00.,0.00.,avc1.4D401F,mp4a.40.2,Low Latency
1741547994964,0x0,0x0,750x422,N/A,0,1000,0.00.,0.00.,avc1.4D401F,mp4a.40.2,Low Latency
1741547995364,0x0,0x0,750x422,N/A,0,1000,0.00.,0.00.,avc1.4D401F,mp4a.40.2,Low Latency
1741547995764,0x0,0x0,750x422,N/A,0,1000,0.00.,0.00.,avc1.4D401F,mp4a.40.2,Low Latency
1741547996165,0x0,0x0,750x422,N/A,0,1000,0.00.,0.00.,avc1.4D401F,mp4a.40.2,Low Latency
1741547996566,0x0,0x0,750x422,N/A,0,1000,0.00.,0.00.,avc1.4D401F,mp4a.40.2,Low Latency
1741547996970,0x0,0x0,750x422,N/A,0,1000,0.00.,0.00.,avc1.4D401F,mp4a.40.2,Low Latency
1741547997370,0x0,0x0,750x422,N/A,0,1000,0.00.,0.00.,avc1.4D401F,mp4a.40.2,Low Latency
1741547997770,0x0,0x0,750x422,N/A,0,1000,0.00.,0.00.,avc1.4D401F,mp4a.40.2,Low Latency
1741547998171,0x0,0x0,750x422,N/A,0,1000,0.00.,0.00.,avc1.4D401F,mp4a.40.2,Low Latency
1741547998572,0x0,0x0,750x422,N/A,0,1000,0.00.,0.00.,avc1.4D401F,mp4a.40.2,Low Latency
1741547998973,0x0,0x0,750x422,N/A,0,1000,0.00.,0.00.,avc1.4D401F,mp4a.40.2,Low Latency
1741547999375,0x0,0x0,750x422,N/A,0,1000,0.00.,0.00.,avc1.4D401F,mp4a.40.2,Low Latency
1741547999775,0x0,0x0,750x422,N/A,0,1000,0.00.,0.00.,avc1.4D401F,mp4a.40.2,Low Latency
1741548000175,0x0,0x0,750x422,N/A,0,1000,0.00.,0.00.,avc1.4D401F,mp4a.40.2,Low Latency
1741548000576,0x0,0x0,750x422,N/A,0,1000,0.00.,0.00.,avc1.4D401F,mp4a.40.2,Low Latency
1741548000976,0x0,0x0,750x422,N/A,0,1000,0.00.,0.00.,avc1.4D401F,mp4a.40.2,Low Latency
1741548001383,0x0,0x0,750x422,N/A,0,12,5.97.,0.00.,avc1.4D401F,mp4a.40.2,Low Latency
1741548001784,640x360,640x360,750x422,N/A,0,15,11.08.,0.00.,avc1.4D401F,mp4a.40.2,Low Latency
1741548002191,640x360,640x360,750x422,N/A,0,15,11.08.,0.00.,avc1.4D401F,mp4a.40.2,Low Latency
1741548002592,640x360,640x360,750x422,N/A,0,15,11.08.,0.00.,avc1.4D401F,mp4a.40.2,Low Latency
1741548002994,640x360,640x360,750x422,38,536,11,15.50.,15.90.,avc1.4D401F,mp4a.40.2,Low Latency
1741548003399,640x360,640x360,750x422,38,536,11,15.50.,15.90.,avc1.4D401F,mp4a.40.2,Low Latency
1741548003799,640x360,640x360,750x422,29,593,11,15.45.,15.90.,avc1.4D401F,mp4a.40.2,Low Latency
1741548004200,640x360,640x360,750x422,29,593,11,15.45.,15.90.,avc1.4D401F,mp4a.40.2,Low Latency
1741548004603,640x360,640x360,750x422,29,593,11,15.45.,15.90.,avc1.4D401F,mp4a.40.2,Low Latency
1741548005007,640x360,640x360,750x422,25,551,2313,15.35.,16.08.,avc1.4D401F,mp4a.40.2,Low Latency
1741548005409,640x360,640x360,750x422,25,551,2313,15.35.,16.08.,avc1.4D401F,mp4a.40.2,Low Latency
1741548005810,640x360,640x360,750x422,45,551,2313,15.34.,16.08.,avc1.4D401F,mp4a.40.2,Low Latency
1741548006211,640x360,640x360,750x422,45,551,2313,15.34.,16.08.,avc1.4D401F,mp4a.40.2,Low Latency
1741548006612,640x360,640x360,750x422,45,551,2313,15.34.,16.08.,avc1.4D401F,mp4a.40.2,Low Latency
1741548007013,640x360,640x360,750x422,38,718,1280,15.33.,15.97.,avc1.4D401F,mp4a.40.2,Low Latency
1741548007415,640x360,640x360,750x422,38,718,1280,15.33.,15.97.,avc1.4D401F,mp4a.40.2,Low Latency
1741548007815,640x360,640x360,750x422,25,718,1280,15.31.,15.97.,avc1.4D401F,mp4a.40.2,Low Latency
1741548008216,640x360,640x360,750x422,25,718,1280,15.31.,15.97.,avc1.4D401F,mp4a.40.2,Low Latency
1741548008617,640x360,640x360,750x422,25,718,1280,15.31.,15.97.,avc1.4D401F,mp4a.40.2,Low Latency
1741548009018,640x360,640x360,750x422,30,718,802,15.29.,15.89.,avc1.4D401F,mp4a.40.2,Low Latency
1741548009422,640x360,640x360,750x422,30,718,802,15.29.,15.89.,avc1.4D401F,mp4a.40.2,Low Latency
1741548009823,640x360,640x360,750x422,33,512,802,15.27.,15.89.,avc1.4D401F,mp4a.40.2,Low Latency
1741548010226,640x360,640x360,750x422,33,512,802,15.27.,15.89.,avc1.4D401F,mp4a.40.2,Low Latency
1741548010626,640x360,640x360,750x422,28,608,794,15.25.,15.76.,avc1.4D401F,mp4a.40.2,Low Latency
1741548011026,640x360,640x360,750x422,28,608,794,15.25.,15.76.,avc1.4D401F,mp4a.40.2,Low Latency
1741548011427,640x360,640x360,750x422,28,608,794,15.25.,15.76.,avc1.4D401F,mp4a.40.2,Low Latency
1741548011828,640x360,640x360,750x422,41,608,794,15.25.,15.76.,avc1.4D401F,mp4a.40.2,Low Latency
1741548012229,640x360,640x360,750x422,41,608,794,15.25.,15.76.,avc1.4D401F,mp4a.40.2,Low Latency
1741548012630,640x360,640x360,750x422,30,539,755,15.10.,15.87.,avc1.4D401F,mp4a.40.2,Low Latency
1741548013031,640x360,640x360,750x422,30,539,755,15.10.,15.87.,avc1.4D401F,mp4a.40.2,Low Latency
1741548013432,640x360,640x360,750x422,30,539,755,15.10.,15.87.,avc1.4D401F,mp4a.40.2,Low Latency
1741548013833,640x360,640x360,750x422,30,539,755,15.10.,15.87.,avc1.4D401F,mp4a.40.2,Low Latency
1741548014233,640x360,640x360,750x422,30,539,755,15.10.,15.87.,avc1.4D401F,mp4a.40.2,Low Latency
1741548014639,640x360,640x360,750x422,30,489,682,15.13.,15.72.,avc1.4D401F,mp4a.40.2,Low Latency
1741548015040,640x360,640x360,750x422,30,489,682,15.13.,15.72.,avc1.4D401F,mp4a.40.2,Low Latency
1741548015441,640x360,640x360,750x422,30,489,682,15.13.,15.72.,avc1.4D401F,mp4a.40.2,Low Latency
1741548015842,640x360,640x360,750x422,30,489,682,15.10.,15.60.,avc1.4D401F,mp4a.40.2,Low Latency
1741548016243,640x360,640x360,750x422,30,489,682,15.10.,15.60.,avc1.4D401F,mp4a.40.2,Low Latency
1741548016643,640x360,640x360,750x422,34,564,684,15.05.,15.60.,avc1.4D401F,mp4a.40.2,Low Latency
1741548017044,640x360,640x360,750x422,34,564,684,15.05.,15.60.,avc1.4D401F,mp4a.40.2,Low Latency
1741548017444,640x360,640x360,750x422,34,564,684,15.05.,15.60.,avc1.4D401F,mp4a.40.2,Low Latency
1741548017845,640x360,640x360,750x422,30,564,684,15.02.,15.60.,avc1.4D401F,mp4a.40.2,Low Latency
1741548018244,640x360,640x360,750x422,30,564,684,15.02.,15.60.,avc1.4D401F,mp4a.40.2,Low Latency
1741548018644,640x360,640x360,750x422,30,534,670,14.95.,15.72.,avc1.4D401F,mp4a.40.2,Low Latency
1741548019045,640x360,640x360,750x422,30,534,670,14.95.,15.72.,avc1.4D401F,mp4a.40.2,Low Latency
1741548019447,640x360,640x360,750x422,30,534,670,14.95.,15.72.,avc1.4D401F,mp4a.40.2,Low Latency
1741548019848,640x360,640x360,750x422,30,534,670,14.95.,15.58.,avc1.4D401F,mp4a.40.2,Low Latency
1741548020248,640x360,640x360,750x422,30,534,670,14.95.,15.58.,avc1.4D401F,mp4a.40.2,Low Latency
1741548020649,640x360,640x360,750x422,30,663,765,14.89.,15.58.,avc1.4D401F,mp4a.40.2,Low Latency
1741548021050,640x360,640x360,750x422,30,663,765,14.89.,15.58.,avc1.4D401F,mp4a.40.2,Low Latency
1741548021451,640x360,640x360,750x422,30,663,765,14.89.,15.58.,avc1.4D401F,mp4a.40.2,Low Latency
1741548021852,640x360,640x360,750x422,30,663,765,14.87.,15.43.,avc1.4D401F,mp4a.40.2,Low Latency
1741548022253,640x360,640x360,750x422,30,663,765,14.87.,15.43.,avc1.4D401F,mp4a.40.2,Low Latency
1741548022654,640x360,640x360,750x422,45,516,709,14.84.,15.43.,avc1.4D401F,mp4a.40.2,Low Latency
1741548023055,640x360,640x360,750x422,45,516,709,14.84.,15.43.,avc1.4D401F,mp4a.40.2,Low Latency
1741548023456,640x360,640x360,750x422,45,516,709,14.84.,15.43.,avc1.4D401F,mp4a.40.2,Low Latency
1741548023857,640x360,640x360,750x422,30,516,709,14.80.,15.32.,avc1.4D401F,mp4a.40.2,Low Latency
1741548024259,640x360,640x360,750x422,30,516,709,14.80.,15.32.,avc1.4D401F,mp4a.40.2,Low Latency
1741548024660,640x360,640x360,750x422,26,554,730,14.77.,15.32.,avc1.4D401F,mp4a.40.2,Low Latency
1741548025062,640x360,640x360,750x422,26,554,730,14.77.,15.32.,avc1.4D401F,mp4a.40.2,Low Latency
1741548025462,640x360,640x360,750x422,26,554,730,14.77.,15.32.,avc1.4D401F,mp4a.40.2,Low Latency
1741548025863,640x360,640x360,750x422,30,554,730,14.74.,15.33.,avc1.4D401F,mp4a.40.2,Low Latency
1741548026265,640x360,640x360,750x422,30,554,730,14.74.,15.33.,avc1.4D401F,mp4a.40.2,Low Latency
1741548026668,640x360,640x360,750x422,33,604,766,14.67.,15.33.,avc1.4D401F,mp4a.40.2,Low Latency
1741548027069,640x360,640x360,750x422,33,604,766,14.67.,15.33.,avc1.4D401F,mp4a.40.2,Low Latency
1741548027471,640x360,640x360,750x422,33,604,766,14.67.,15.33.,avc1.4D401F,mp4a.40.2,Low Latency
1741548027872,640x360,640x360,750x422,30,604,766,14.68.,15.18.,avc1.4D401F,mp4a.40.2,Low Latency
1741548028273,640x360,640x360,750x422,30,604,766,14.68.,15.18.,avc1.4D401F,mp4a.40.2,Low Latency
1741548028673,640x360,640x360,750x422,26,493,658,14.65.,15.18.,avc1.4D401F,mp4a.40.2,Low Latency
1741548029073,640x360,640x360,750x422,26,493,658,14.65.,15.18.,avc1.4D401F,mp4a.40.2,Low Latency
1741548029473,640x360,640x360,750x422,26,493,658,14.65.,15.18.,avc1.4D401F,mp4a.40.2,Low Latency
1741548029874,640x360,640x360,750x422,30,493,658,14.95.,15.66.,avc1.4D401F,mp4a.40.2,Low Latency
1741548030275,640x360,640x360,750x422,30,493,658,14.95.,15.66.,avc1.4D401F,mp4a.40.2,Low Latency
1741548030675,640x360,640x360,750x422,34,518,686,14.98.,15.66.,avc1.4D401F,mp4a.40.2,Low Latency
1741548031075,640x360,640x360,750x422,34,518,686,14.98.,15.66.,avc1.4D401F,mp4a.40.2,Low Latency
1741548031475,640x360,640x360,750x422,34,518,686,14.98.,15.66.,avc1.4D401F,mp4a.40.2,Low Latency
1741548031877,640x360,640x360,750x422,30,518,686,14.95.,15.53.,avc1.4D401F,mp4a.40.2,Low Latency
1741548032277,640x360,640x360,750x422,30,518,686,14.95.,15.53.,avc1.4D401F,mp4a.40.2,Low Latency
1741548032677,640x360,640x360,750x422,30,692,868,14.88.,15.53.,avc1.4D401F,mp4a.40.2,Low Latency
1741548033077,640x360,640x360,750x422,30,692,868,14.88.,15.53.,avc1.4D401F,mp4a.40.2,Low Latency
1741548033478,640x360,640x360,750x422,30,692,868,14.88.,15.53.,avc1.4D401F,mp4a.40.2,Low Latency
1741548033878,640x360,640x360,750x422,30,692,868,14.86.,15.41.,avc1.4D401F,mp4a.40.2,Low Latency
1741548034279,640x360,640x360,750x422,30,692,868,14.86.,15.41.,avc1.4D401F,mp4a.40.2,Low Latency
1741548034679,640x360,640x360,750x422,30,692,868,14.86.,15.41.,avc1.4D401F,mp4a.40.2,Low Latency
1741548035079,640x360,640x360,750x422,34,692,812,14.40.,15.41.,avc1.4D401F,mp4a.40.2,Low Latency
1741548035480,640x360,640x360,750x422,34,692,812,14.40.,15.41.,avc1.4D401F,mp4a.40.2,Low Latency
1741548035880,640x360,640x360,750x422,34,604,812,14.87.,15.59.,avc1.4D401F,mp4a.40.2,Low Latency
1741548036281,640x360,640x360,750x422,34,604,812,14.87.,15.59.,avc1.4D401F,mp4a.40.2,Low Latency
1741548036681,640x360,640x360,750x422,30,604,747,14.57.,15.59.,avc1.4D401F,mp4a.40.2,Low Latency
1741548037081,640x360,640x360,750x422,30,604,747,14.57.,15.59.,avc1.4D401F,mp4a.40.2,Low Latency
1741548037482,640x360,640x360,750x422,30,604,747,14.57.,15.59.,avc1.4D401F,mp4a.40.2,Low Latency
1741548037883,640x360,640x360,750x422,34,604,747,13.55.,15.44.,avc1.4D401F,mp4a.40.2,Low Latency
1741548038283,640x360,640x360,750x422,34,604,747,13.55.,15.44.,avc1.4D401F,mp4a.40.2,Low Latency
1741548038684,640x360,640x360,750x422,30,519,743,14.82.,15.44.,avc1.4D401F,mp4a.40.2,Low Latency
1741548039085,640x360,640x360,750x422,30,519,743,14.82.,15.44.,avc1.4D401F,mp4a.40.2,Low Latency
1741548039488,640x360,640x360,750x422,30,519,743,14.82.,15.44.,avc1.4D401F,mp4a.40.2,Low Latency
1741548039887,640x360,640x360,750x422,30,519,743,14.78.,15.32.,avc1.4D401F,mp4a.40.2,Low Latency
1741548040287,640x360,640x360,750x422,30,519,743,14.78.,15.32.,avc1.4D401F,mp4a.40.2,Low Latency
1741548040688,640x360,640x360,750x422,26,575,767,14.69.,15.32.,avc1.4D401F,mp4a.40.2,Low Latency
1741548041088,640x360,640x360,750x422,26,575,767,14.69.,15.32.,avc1.4D401F,mp4a.40.2,Low Latency
1741548041489,640x360,640x360,750x422,26,575,767,14.69.,15.32.,avc1.4D401F,mp4a.40.2,Low Latency
1741548041890,640x360,640x360,750x422,34,575,767,14.66.,15.18.,avc1.4D401F,mp4a.40.2,Low Latency
1741548042289,640x360,640x360,750x422,34,575,767,14.66.,15.18.,avc1.4D401F,mp4a.40.2,Low Latency
1741548042690,640x360,640x360,750x422,34,542,727,14.63.,15.18.,avc1.4D401F,mp4a.40.2,Low Latency
1741548043093,640x360,640x360,750x422,34,542,727,14.63.,15.18.,avc1.4D401F,mp4a.40.2,Low Latency
1741548043493,640x360,640x360,750x422,34,542,727,14.63.,15.18.,avc1.4D401F,mp4a.40.2,Low Latency
1741548043894,640x360,640x360,750x422,30,542,727,14.59.,15.31.,avc1.4D401F,mp4a.40.2,Low Latency
1741548044294,640x360,640x360,750x422,30,542,727,14.59.,15.31.,avc1.4D401F,mp4a.40.2,Low Latency
1741548044695,640x360,640x360,750x422,29,564,731,14.63.,15.31.,avc1.4D401F,mp4a.40.2,Low Latency
1741548045095,640x360,640x360,750x422,29,564,731,14.63.,15.31.,avc1.4D401F,mp4a.40.2,Low Latency
1741548045496,640x360,640x360,750x422,29,564,731,14.63.,15.31.,avc1.4D401F,mp4a.40.2,Low Latency
1741548045896,640x360,640x360,750x422,34,564,731,14.60.,15.16.,avc1.4D401F,mp4a.40.2,Low Latency
1741548046296,640x360,640x360,750x422,34,564,731,14.60.,15.16.,avc1.4D401F,mp4a.40.2,Low Latency
1741548046697,640x360,640x360,750x422,34,565,752,14.51.,15.16.,avc1.4D401F,mp4a.40.2,Low Latency
1741548047097,640x360,640x360,750x422,34,565,752,14.51.,15.16.,avc1.4D401F,mp4a.40.2,Low Latency
1741548047498,640x360,640x360,750x422,34,565,752,14.51.,15.16.,avc1.4D401F,mp4a.40.2,Low Latency
1741548047899,640x360,640x360,750x422,30,565,752,14.50.,15.03.,avc1.4D401F,mp4a.40.2,Low Latency
1741548048299,640x360,640x360,750x422,30,565,752,14.50.,15.03.,avc1.4D401F,mp4a.40.2,Low Latency
1741548048700,640x360,640x360,750x422,29,632,792,14.44.,15.03.,avc1.4D401F,mp4a.40.2,Low Latency
1741548049100,640x360,640x360,750x422,29,632,792,14.44.,15.03.,avc1.4D401F,mp4a.40.2,Low Latency
1741548049503,640x360,640x360,750x422,29,632,792,14.44.,15.03.,avc1.4D401F,mp4a.40.2,Low Latency
1741548049904,640x360,640x360,750x422,26,632,792,14.45.,15.17.,avc1.4D401F,mp4a.40.2,Low Latency
1741548050305,640x360,640x360,750x422,26,632,792,14.45.,15.17.,avc1.4D401F,mp4a.40.2,Low Latency
1741548050706,640x360,640x360,750x422,26,632,651,14.39.,15.17.,avc1.4D401F,mp4a.40.2,Low Latency
1741548051106,640x360,640x360,750x422,26,632,651,14.39.,15.17.,avc1.4D401F,mp4a.40.2,Low Latency
1741548051507,640x360,640x360,750x422,26,632,651,14.39.,15.17.,avc1.4D401F,mp4a.40.2,Low Latency
1741548051908,640x360,640x360,750x422,30,474,651,14.35.,15.01.,avc1.4D401F,mp4a.40.2,Low Latency
1741548052308,640x360,640x360,750x422,30,474,651,14.35.,15.01.,avc1.4D401F,mp4a.40.2,Low Latency
1741548052708,640x360,640x360,750x422,30,658,783,14.36.,15.01.,avc1.4D401F,mp4a.40.2,Low Latency
1741548053109,640x360,640x360,750x422,30,658,783,14.36.,15.01.,avc1.4D401F,mp4a.40.2,Low Latency
1741548053510,640x360,640x360,750x422,30,658,783,14.36.,15.01.,avc1.4D401F,mp4a.40.2,Low Latency
1741548053911,640x360,640x360,750x422,31,658,783,14.30.,14.86.,avc1.4D401F,mp4a.40.2,Low Latency
1741548054314,640x360,640x360,750x422,31,658,783,14.30.,14.86.,avc1.4D401F,mp4a.40.2,Low Latency
1741548054714,640x360,640x360,750x422,30,428,665,14.28.,14.86.,avc1.4D401F,mp4a.40.2,Low Latency
1741548055115,640x360,640x360,750x422,30,428,665,14.28.,14.86.,avc1.4D401F,mp4a.40.2,Low Latency
1741548055518,640x360,640x360,750x422,30,428,665,14.28.,14.86.,avc1.4D401F,mp4a.40.2,Low Latency
1741548055919,640x360,640x360,750x422,30,428,665,14.27.,14.88.,avc1.4D401F,mp4a.40.2,Low Latency
1741548056320,640x360,640x360,750x422,30,428,665,14.27.,14.88.,avc1.4D401F,mp4a.40.2,Low Latency
1741548056722,640x360,640x360,750x422,56,428,760,14.10.,14.88.,avc1.4D401F,mp4a.40.2,Low Latency
1741548057122,640x360,640x360,750x422,56,428,760,14.10.,14.88.,avc1.4D401F,mp4a.40.2,Low Latency
1741548057522,640x360,640x360,750x422,56,428,760,14.10.,14.88.,avc1.4D401F,mp4a.40.2,Low Latency
1741548057923,640x360,640x360,750x422,30,645,760,13.15.,14.73.,avc1.4D401F,mp4a.40.2,Low Latency
1741548058323,640x360,640x360,750x422,30,645,760,13.15.,14.73.,avc1.4D401F,mp4a.40.2,Low Latency
1741548058723,640x360,640x360,750x422,31,618,775,14.15.,14.73.,avc1.4D401F,mp4a.40.2,Low Latency
1741548059123,640x360,640x360,750x422,31,618,775,14.15.,14.73.,avc1.4D401F,mp4a.40.2,Low Latency
1741548059524,640x360,640x360,750x422,31,618,775,14.15.,14.73.,avc1.4D401F,mp4a.40.2,Low Latency
1741548059925,640x360,640x360,750x422,34,618,775,14.11.,14.86.,avc1.4D401F,mp4a.40.2,Low Latency
1741548060325,640x360,640x360,750x422,34,618,775,14.11.,14.86.,avc1.4D401F,mp4a.40.2,Low Latency
1741548060725,640x360,640x360,750x422,30,567,769,14.12.,14.86.,avc1.4D401F,mp4a.40.2,Low Latency
1741548061130,640x360,640x360,750x422,30,567,769,14.12.,14.86.,avc1.4D401F,mp4a.40.2,Low Latency
1741548061530,640x360,640x360,750x422,30,567,769,14.12.,14.86.,avc1.4D401F,mp4a.40.2,Low Latency
1741548061931,640x360,640x360,750x422,30,567,769,14.09.,14.72.,avc1.4D401F,mp4a.40.2,Low Latency
1741548062332,640x360,640x360,750x422,30,567,769,14.09.,14.72.,avc1.4D401F,mp4a.40.2,Low Latency
1741548062733,640x360,640x360,750x422,30,451,652,14.10.,14.58.,avc1.4D401F,mp4a.40.2,Low Latency
1741548063133,640x360,640x360,750x422,30,451,652,14.10.,14.58.,avc1.4D401F,mp4a.40.2,Low Latency
1741548063534,640x360,640x360,750x422,30,451,652,14.10.,14.58.,avc1.4D401F,mp4a.40.2,Low Latency
1741548063934,640x360,640x360,750x422,36,451,652,14.06.,14.58.,avc1.4D401F,mp4a.40.2,Low Latency
1741548064335,640x360,640x360,750x422,36,451,652,14.06.,14.58.,avc1.4D401F,mp4a.40.2,Low Latency
1741548064738,640x360,640x360,750x422,26,451,751,13.96.,14.58.,avc1.4D401F,mp4a.40.2,Low Latency
1741548065139,640x360,640x360,750x422,26,451,751,13.96.,14.58.,avc1.4D401F,mp4a.40.2,Low Latency
1741548065539,640x360,640x360,750x422,26,451,751,13.96.,14.58.,avc1.4D401F,mp4a.40.2,Low Latency
1741548065940,640x360,640x360,750x422,30,611,751,13.97.,14.74.,avc1.4D401F,mp4a.40.2,Low Latency
1741548066343,640x360,640x360,750x422,30,611,751,13.97.,14.74.,avc1.4D401F,mp4a.40.2,Low Latency
1741548066744,640x360,640x360,750x422,30,552,681,14.01.,14.58.,avc1.4D401F,mp4a.40.2,Low Latency
1741548067143,640x360,640x360,750x422,30,552,681,14.01.,14.58.,avc1.4D401F,mp4a.40.2,Low Latency
1741548067544,640x360,640x360,750x422,30,552,681,14.01.,14.58.,avc1.4D401F,mp4a.40.2,Low Latency
1741548067944,640x360,640x360,750x422,34,552,681,13.97.,14.58.,avc1.4D401F,mp4a.40.2,Low Latency
1741548068344,640x360,640x360,750x422,34,552,681,13.97.,14.58.,avc1.4D401F,mp4a.40.2,Low Latency
1741548068745,640x360,640x360,750x422,30,552,676,13.74.,14.42.,avc1.4D401F,mp4a.40.2,Low Latency
1741548069147,640x360,640x360,750x422,30,552,676,13.74.,14.42.,avc1.4D401F,mp4a.40.2,Low Latency
1741548069549,640x360,640x360,750x422,30,552,676,13.74.,14.42.,avc1.4D401F,mp4a.40.2,Low Latency
1741548069951,640x360,640x360,750x422,30,498,676,13.82.,14.42.,avc1.4D401F,mp4a.40.2,Low Latency
1741548070352,640x360,640x360,750x422,30,498,676,13.82.,14.42.,avc1.4D401F,mp4a.40.2,Low Latency
1741548070755,640x360,640x360,750x422,34,657,757,13.83.,14.30.,avc1.4D401F,mp4a.40.2,Low Latency
1741548071155,640x360,640x360,750x422,34,657,757,13.83.,14.30.,avc1.4D401F,mp4a.40.2,Low Latency
1741548071556,640x360,640x360,750x422,34,657,757,13.83.,14.30.,avc1.4D401F,mp4a.40.2,Low Latency
1741548071957,640x360,640x360,750x422,34,657,757,13.79.,14.30.,avc1.4D401F,mp4a.40.2,Low Latency
1741548072357,640x360,640x360,750x422,34,657,757,13.79.,14.30.,avc1.4D401F,mp4a.40.2,Low Latency
1741548072757,640x360,640x360,750x422,30,654,768,13.76.,14.46.,avc1.4D401F,mp4a.40.2,Low Latency
1741548073158,640x360,640x360,750x422,30,654,768,13.76.,14.46.,avc1.4D401F,mp4a.40.2,Low Latency
1741548073560,640x360,640x360,750x422,30,654,768,13.76.,14.46.,avc1.4D401F,mp4a.40.2,Low Latency
1741548073961,640x360,640x360,750x422,30,654,768,13.73.,14.46.,avc1.4D401F,mp4a.40.2,Low Latency
1741548074361,640x360,640x360,750x422,30,654,768,13.73.,14.46.,avc1.4D401F,mp4a.40.2,Low Latency
1741548074761,640x360,640x360,750x422,33,521,706,13.64.,14.31.,avc1.4D401F,mp4a.40.2,Low Latency
1741548075162,640x360,640x360,750x422,33,521,706,13.64.,14.31.,avc1.4D401F,mp4a.40.2,Low Latency
1741548075563,640x360,640x360,750x422,33,521,706,13.64.,14.31.,avc1.4D401F,mp4a.40.2,Low Latency
1741548075963,640x360,640x360,750x422,26,521,706,13.67.,14.31.,avc1.4D401F,mp4a.40.2,Low Latency
1741548076364,640x360,640x360,750x422,26,521,706,13.67.,14.31.,avc1.4D401F,mp4a.40.2,Low Latency
1741548076765,640x360,640x360,750x422,30,539,690,13.67.,14.22.,avc1.4D401F,mp4a.40.2,Low Latency
1741548077165,640x360,640x360,750x422,30,539,690,13.67.,14.22.,avc1.4D401F,mp4a.40.2,Low Latency
1741548077565,640x360,640x360,750x422,30,539,690,13.67.,14.22.,avc1.4D401F,mp4a.40.2,Low Latency
1741548077966,640x360,640x360,750x422,30,539,690,13.67.,14.22.,avc1.4D401F,mp4a.40.2,Low Latency
1741548078367,640x360,640x360,750x422,30,539,690,13.67.,14.22.,avc1.4D401F,mp4a.40.2,Low Latency
1741548078768,640x360,640x360,750x422,29,611,754,13.62.,14.10.,avc1.4D401F,mp4a.40.2,Low Latency
1741548079169,640x360,640x360,750x422,29,611,754,13.62.,14.10.,avc1.4D401F,mp4a.40.2,Low Latency
1741548079569,640x360,640x360,750x422,29,611,754,13.62.,14.10.,avc1.4D401F,mp4a.40.2,Low Latency
1741548079970,640x360,640x360,750x422,34,611,754,13.54.,14.10.,avc1.4D401F,mp4a.40.2,Low Latency
1741548080370,640x360,640x360,750x422,34,611,754,13.54.,14.10.,avc1.4D401F,mp4a.40.2,Low Latency
1741548080771,640x360,640x360,750x422,26,531,718,13.55.,14.22.,avc1.4D401F,mp4a.40.2,Low Latency
1741548081171,640x360,640x360,750x422,26,531,718,13.55.,14.22.,avc1.4D401F,mp4a.40.2,Low Latency
1741548081572,640x360,640x360,750x422,26,531,718,13.55.,14.22.,avc1.4D401F,mp4a.40.2,Low Latency
1741548081972,640x360,640x360,750x422,30,531,718,12.30.,14.07.,avc1.4D401F,mp4a.40.2,Low Latency
1741548082372,640x360,640x360,750x422,30,531,718,12.30.,14.07.,avc1.4D401F,mp4a.40.2,Low Latency
1741548082774,640x360,640x360,750x422,30,531,718,12.30.,14.07.,avc1.4D401F,mp4a.40.2,Low Latency
1741548083176,640x360,640x360,750x422,30,531,718,12.30.,14.07.,avc1.4D401F,mp4a.40.2,Low Latency
1741548083577,640x360,640x360,750x422,30,531,718,12.30.,14.07.,avc1.4D401F,mp4a.40.2,Low Latency
1741548083978,640x360,640x360,750x422,23,541,505,13.39.,14.07.,avc1.4D401F,mp4a.40.2,Low Latency
1741548084379,640x360,640x360,750x422,23,541,505,13.39.,14.07.,avc1.4D401F,mp4a.40.2,Low Latency
1741548084782,640x360,640x360,750x422,30,541,505,12.86.,14.08.,avc1.4D401F,mp4a.40.2,Low Latency
1741548085182,640x360,640x360,750x422,30,541,505,12.86.,14.08.,avc1.4D401F,mp4a.40.2,Low Latency
1741548085583,640x360,640x360,750x422,30,541,505,12.86.,14.08.,avc1.4D401F,mp4a.40.2,Low Latency
1741548085984,640x360,640x360,750x422,30,541,553,13.40.,14.08.,avc1.4D401F,mp4a.40.2,Low Latency
1741548086385,640x360,640x360,750x422,30,541,553,13.40.,14.08.,avc1.4D401F,mp4a.40.2,Low Latency
1741548086785,640x360,640x360,750x422,30,530,768,13.34.,13.96.,avc1.4D401F,mp4a.40.2,Low Latency
1741548087187,640x360,640x360,750x422,30,530,768,13.34.,13.96.,avc1.4D401F,mp4a.40.2,Low Latency
1741548087589,640x360,640x360,750x422,30,530,768,13.34.,13.96.,avc1.4D401F,mp4a.40.2,Low Latency
1741548087990,640x360,640x360,750x422,31,532,768,13.34.,13.96.,avc1.4D401F,mp4a.40.2,Low Latency
1741548088390,640x360,640x360,750x422,31,532,768,13.34.,13.96.,avc1.4D401F,mp4a.40.2,Low Latency
1741548088791,640x360,640x360,750x422,26,546,768,13.24.,13.82.,avc1.4D401F,mp4a.40.2,Low Latency
1741548089192,640x360,640x360,750x422,26,546,768,13.24.,13.82.,avc1.4D401F,mp4a.40.2,Low Latency
1741548089593,640x360,640x360,750x422,26,546,768,13.24.,13.82.,avc1.4D401F,mp4a.40.2,Low Latency
1741548089994,640x360,640x360,750x422,30,546,768,13.25.,13.82.,avc1.4D401F,mp4a.40.2,Low Latency
1741548090395,640x360,640x360,750x422,30,546,768,13.25.,13.82.,avc1.4D401F,mp4a.40.2,Low Latency
1741548090796,640x360,640x360,750x422,29,546,779,13.22.,13.94.,avc1.4D401F,mp4a.40.2,Low Latency
1741548091199,640x360,640x360,750x422,29,546,779,13.22.,13.94.,avc1.4D401F,mp4a.40.2,Low Latency
1741548091600,640x360,640x360,750x422,29,546,779,13.22.,13.94.,avc1.4D401F,mp4a.40.2,Low Latency
1741548092001,640x360,640x360,750x422,31,672,779,13.22.,13.94.,avc1.4D401F,mp4a.40.2,Low Latency
1741548092402,640x360,640x360,750x422,31,672,779,13.22.,13.94.,avc1.4D401F,mp4a.40.2,Low Latency
1741548092802,640x360,640x360,750x422,30,539,745,13.23.,13.79.,avc1.4D401F,mp4a.40.2,Low Latency
1741548093202,640x360,640x360,750x422,30,539,745,13.23.,13.79.,avc1.4D401F,mp4a.40.2,Low Latency
1741548093603,640x360,640x360,750x422,30,539,745,13.23.,13.79.,avc1.4D401F,mp4a.40.2,Low Latency
1741548094004,640x360,640x360,750x422,30,539,745,13.20.,13.66.,avc1.4D401F,mp4a.40.2,Low Latency
1741548094405,640x360,640x360,750x422,30,539,745,13.20.,13.66.,avc1.4D401F,mp4a.40.2,Low Latency
1741548094806,640x360,640x360,750x422,30,539,658,13.11.,13.66.,avc1.4D401F,mp4a.40.2,Low Latency
1741548095207,640x360,640x360,750x422,30,539,658,13.11.,13.66.,avc1.4D401F,mp4a.40.2,Low Latency
1741548095608,640x360,640x360,750x422,30,539,658,13.11.,13.66.,avc1.4D401F,mp4a.40.2,Low Latency
1741548096008,640x360,640x360,750x422,34,502,658,13.00.,13.66.,avc1.4D401F,mp4a.40.2,Low Latency
1741548096409,640x360,640x360,750x422,34,502,658,13.00.,13.66.,avc1.4D401F,mp4a.40.2,Low Latency
1741548096810,640x360,640x360,750x422,30,502,716,13.10.,13.78.,avc1.4D401F,mp4a.40.2,Low Latency
1741548097210,640x360,640x360,750x422,30,502,716,13.10.,13.78.,avc1.4D401F,mp4a.40.2,Low Latency
1741548097611,640x360,640x360,750x422,30,502,716,13.10.,13.78.,avc1.4D401F,mp4a.40.2,Low Latency
1741548098012,640x360,640x360,750x422,30,609,716,12.97.,13.64.,avc1.4D401F,mp4a.40.2,Low Latency
1741548098412,640x360,640x360,750x422,30,609,716,12.97.,13.64.,avc1.4D401F,mp4a.40.2,Low Latency
1741548098813,640x360,640x360,750x422,30,581,721,12.95.,13.64.,avc1.4D401F,mp4a.40.2,Low Latency
1741548099214,640x360,640x360,750x422,30,581,721,12.95.,13.64.,avc1.4D401F,mp4a.40.2,Low Latency
1741548099615,640x360,640x360,750x422,30,581,721,12.95.,13.64.,avc1.4D401F,mp4a.40.2,Low Latency
1741548100015,640x360,640x360,750x422,30,581,721,12.91.,13.50.,avc1.4D401F,mp4a.40.2,Low Latency
1741548100416,640x360,640x360,750x422,30,581,721,12.91.,13.50.,avc1.4D401F,mp4a.40.2,Low Latency
1741548100817,640x360,640x360,750x422,30,531,707,12.81.,13.50.,avc1.4D401F,mp4a.40.2,Low Latency
1741548101217,640x360,640x360,750x422,30,531,707,12.81.,13.50.,avc1.4D401F,mp4a.40.2,Low Latency
1741548101617,640x360,640x360,750x422,30,531,707,12.81.,13.50.,avc1.4D401F,mp4a.40.2,Low Latency
1741548102018,640x360,640x360,750x422,30,531,707,12.92.,13.38.,avc1.4D401F,mp4a.40.2,Low Latency
1741548102418,640x360,640x360,750x422,30,531,707,12.92.,13.38.,avc1.4D401F,mp4a.40.2,Low Latency
1741548102819,640x360,640x360,750x422,34,551,723,12.86.,13.38.,avc1.4D401F,mp4a.40.2,Low Latency
1741548103219,640x360,640x360,750x422,34,551,723,12.86.,13.38.,avc1.4D401F,mp4a.40.2,Low Latency
1741548103619,640x360,640x360,750x422,30,551,723,12.83.,13.55.,avc1.4D401F,mp4a.40.2,Low Latency
1741548104020,640x360,640x360,750x422,30,551,723,12.83.,13.55.,avc1.4D401F,mp4a.40.2,Low Latency
1741548104421,640x360,640x360,750x422,30,551,723,12.83.,13.55.,avc1.4D401F,mp4a.40.2,Low Latency
1741548104821,640x360,640x360,750x422,34,549,725,12.77.,13.55.,avc1.4D401F,mp4a.40.2,Low Latency
1741548105221,640x360,640x360,750x422,34,549,725,12.77.,13.55.,avc1.4D401F,mp4a.40.2,Low Latency
1741548105621,640x360,640x360,750x422,30,549,725,12.77.,13.40.,avc1.4D401F,mp4a.40.2,Low Latency
1741548106022,640x360,640x360,750x422,30,549,725,12.77.,13.40.,avc1.4D401F,mp4a.40.2,Low Latency
1741548106423,640x360,640x360,750x422,30,549,725,12.77.,13.40.,avc1.4D401F,mp4a.40.2,Low Latency
1741548106824,640x360,640x360,750x422,30,671,764,12.57.,13.40.,avc1.4D401F,mp4a.40.2,Low Latency
1741548107225,640x360,640x360,750x422,30,671,764,12.57.,13.40.,avc1.4D401F,mp4a.40.2,Low Latency
1741548107625,640x360,640x360,750x422,30,671,764,12.57.,13.40.,avc1.4D401F,mp4a.40.2,Low Latency
1741548108025,640x360,640x360,750x422,30,671,764,12.57.,13.40.,avc1.4D401F,mp4a.40.2,Low Latency
1741548108425,640x360,640x360,750x422,30,671,764,12.57.,13.40.,avc1.4D401F,mp4a.40.2,Low Latency
1741548108826,640x360,640x360,750x422,30,671,764,12.57.,13.40.,avc1.4D401F,mp4a.40.2,Low Latency
1741548109226,640x360,640x360,750x422,30,671,764,12.57.,13.40.,avc1.4D401F,mp4a.40.2,Low Latency
1741548109626,640x360,640x360,750x422,30,671,764,12.57.,13.40.,avc1.4D401F,mp4a.40.2,Low Latency
1741548110027,640x360,640x360,750x422,30,671,764,12.57.,13.40.,avc1.4D401F,mp4a.40.2,Low Latency
1741548110428,640x360,640x360,750x422,30,671,764,12.57.,13.40.,avc1.4D401F,mp4a.40.2,Low Latency
1741548110829,640x360,640x360,750x422,30,671,764,12.57.,13.40.,avc1.4D401F,mp4a.40.2,Low Latency
1741548111230,640x360,640x360,750x422,30,671,764,12.57.,13.40.,avc1.4D401F,mp4a.40.2,Low Latency
1741548111631,640x360,640x360,750x422,30,671,764,12.57.,13.40.,avc1.4D401F,mp4a.40.2,Low Latency
1741548112031,640x360,640x360,750x422,28,671,192,13.77.,17.93.,avc1.4D401F,mp4a.40.2,Low Latency
1741548112431,640x360,640x360,750x422,28,671,192,13.77.,17.93.,avc1.4D401F,mp4a.40.2,Low Latency
1741548112833,640x360,640x360,750x422,26,608,796,17.27.,17.93.,avc1.4D401F,mp4a.40.2,Low Latency
1741548113234,640x360,640x360,750x422,26,608,796,17.27.,17.93.,avc1.4D401F,mp4a.40.2,Low Latency
1741548113635,640x360,640x360,750x422,34,573,796,17.29.,17.93.,avc1.4D401F,mp4a.40.2,Low Latency
1741548114036,640x360,640x360,750x422,34,573,796,17.29.,17.93.,avc1.4D401F,mp4a.40.2,Low Latency
1741548114439,640x360,640x360,750x422,34,573,796,17.29.,17.93.,avc1.4D401F,mp4a.40.2,Low Latency
1741548114840,640x360,640x360,750x422,29,574,791,17.21.,17.83.,avc1.4D401F,mp4a.40.2,Low Latency
1741548115241,640x360,640x360,750x422,29,574,791,17.21.,17.83.,avc1.4D401F,mp4a.40.2,Low Latency
1741548115643,640x360,640x360,750x422,34,574,791,17.16.,17.69.,avc1.4D401F,mp4a.40.2,Low Latency
1741548116043,640x360,640x360,750x422,34,574,791,17.16.,17.69.,avc1.4D401F,mp4a.40.2,Low Latency
1741548116444,640x360,640x360,750x422,34,574,791,17.16.,17.69.,avc1.4D401F,mp4a.40.2,Low Latency
1741548116844,640x360,640x360,750x422,26,541,780,17.17.,17.69.,avc1.4D401F,mp4a.40.2,Low Latency
1741548117247,640x360,640x360,750x422,26,541,780,17.17.,17.69.,avc1.4D401F,mp4a.40.2,Low Latency
1741548117646,640x360,640x360,750x422,28,541,780,17.15.,17.60.,avc1.4D401F,mp4a.40.2,Low Latency
1741548118046,640x360,640x360,750x422,28,541,780,17.15.,17.60.,avc1.4D401F,mp4a.40.2,Low Latency
1741548118448,640x360,640x360,750x422,28,541,780,17.15.,17.60.,avc1.4D401F,mp4a.40.2,Low Latency
1741548118850,640x360,640x360,750x422,30,537,739,17.05.,17.60.,avc1.4D401F,mp4a.40.2,Low Latency
1741548119250,640x360,640x360,750x422,30,537,739,17.05.,17.60.,avc1.4D401F,mp4a.40.2,Low Latency
1741548119652,640x360,640x360,750x422,30,537,739,17.04.,17.60.,avc1.4D401F,mp4a.40.2,Low Latency
1741548120052,640x360,640x360,750x422,30,537,739,17.04.,17.60.,avc1.4D401F,mp4a.40.2,Low Latency
1741548120453,640x360,640x360,750x422,30,537,739,17.04.,17.60.,avc1.4D401F,mp4a.40.2,Low Latency
1741548120857,640x360,640x360,750x422,15,569,754,17.02.,17.71.,avc1.4D401F,mp4a.40.2,Low Latency
1741548121258,640x360,640x360,750x422,15,569,754,17.02.,17.71.,avc1.4D401F,mp4a.40.2,Low Latency
1741548121660,640x360,640x360,750x422,34,569,754,16.99.,17.58.,avc1.4D401F,mp4a.40.2,Low Latency
1741548122059,640x360,640x360,750x422,34,569,754,16.99.,17.58.,avc1.4D401F,mp4a.40.2,Low Latency
1741548122460,640x360,640x360,750x422,34,569,754,16.99.,17.58.,avc1.4D401F,mp4a.40.2,Low Latency
1741548122860,640x360,640x360,750x422,35,534,714,17.05.,17.58.,avc1.4D401F,mp4a.40.2,Low Latency
1741548123261,640x360,640x360,750x422,35,534,714,17.05.,17.58.,avc1.4D401F,mp4a.40.2,Low Latency
1741548123662,640x360,640x360,750x422,34,534,714,17.04.,17.44.,avc1.4D401F,mp4a.40.2,Low Latency
1741548124063,640x360,640x360,750x422,34,534,714,17.04.,17.44.,avc1.4D401F,mp4a.40.2,Low Latency
1741548124463,640x360,640x360,750x422,34,534,714,17.04.,17.44.,avc1.4D401F,mp4a.40.2,Low Latency
1741548124864,640x360,640x360,750x422,30,534,750,16.97.,17.44.,avc1.4D401F,mp4a.40.2,Low Latency
1741548125264,640x360,640x360,750x422,30,534,750,16.97.,17.44.,avc1.4D401F,mp4a.40.2,Low Latency
1741548125664,640x360,640x360,750x422,30,592,750,16.94.,17.56.,avc1.4D401F,mp4a.40.2,Low Latency
1741548126067,640x360,640x360,750x422,30,592,750,16.94.,17.56.,avc1.4D401F,mp4a.40.2,Low Latency
1741548126468,640x360,640x360,750x422,30,592,750,16.94.,17.56.,avc1.4D401F,mp4a.40.2,Low Latency
1741548126868,640x360,640x360,750x422,30,519,684,16.88.,17.56.,avc1.4D401F,mp4a.40.2,Low Latency
1741548127269,640x360,640x360,750x422,30,519,684,16.88.,17.56.,avc1.4D401F,mp4a.40.2,Low Latency
1741548127669,640x360,640x360,750x422,30,519,684,16.81.,17.42.,avc1.4D401F,mp4a.40.2,Low Latency
1741548128070,640x360,640x360,750x422,30,519,684,16.81.,17.42.,avc1.4D401F,mp4a.40.2,Low Latency
1741548128471,640x360,640x360,750x422,30,519,684,16.81.,17.42.,avc1.4D401F,mp4a.40.2,Low Latency
1741548128871,640x360,640x360,750x422,30,519,744,16.79.,17.42.,avc1.4D401F,mp4a.40.2,Low Latency
1741548129271,640x360,640x360,750x422,30,519,744,16.79.,17.42.,avc1.4D401F,mp4a.40.2,Low Latency
1741548129672,640x360,640x360,750x422,30,606,744,16.79.,17.30.,avc1.4D401F,mp4a.40.2,Low Latency
1741548130074,640x360,640x360,750x422,30,606,744,16.79.,17.30.,avc1.4D401F,mp4a.40.2,Low Latency
1741548130475,640x360,640x360,750x422,30,606,744,16.79.,17.30.,avc1.4D401F,mp4a.40.2,Low Latency
1741548130875,640x360,640x360,750x422,30,452,664,16.76.,17.30.,avc1.4D401F,mp4a.40.2,Low Latency
1741548131277,640x360,640x360,750x422,30,452,664,16.76.,17.30.,avc1.4D401F,mp4a.40.2,Low Latency
1741548131679,640x360,640x360,750x422,26,452,664,16.76.,17.43.,avc1.4D401F,mp4a.40.2,Low Latency
1741548132080,640x360,640x360,750x422,26,452,664,16.76.,17.43.,avc1.4D401F,mp4a.40.2,Low Latency
1741548132480,640x360,640x360,750x422,26,452,664,16.76.,17.43.,avc1.4D401F,mp4a.40.2,Low Latency
1741548132881,640x360,640x360,750x422,26,657,750,16.71.,17.43.,avc1.4D401F,mp4a.40.2,Low Latency
1741548133282,640x360,640x360,750x422,26,657,750,16.71.,17.43.,avc1.4D401F,mp4a.40.2,Low Latency
1741548133683,640x360,640x360,750x422,34,657,750,16.68.,17.28.,avc1.4D401F,mp4a.40.2,Low Latency
1741548134084,640x360,640x360,750x422,34,657,750,16.68.,17.28.,avc1.4D401F,mp4a.40.2,Low Latency
1741548134487,640x360,640x360,750x422,34,657,750,16.68.,17.28.,avc1.4D401F,mp4a.40.2,Low Latency
1741548134888,640x360,640x360,750x422,30,548,722,16.64.,17.28.,avc1.4D401F,mp4a.40.2,Low Latency
1741548135288,640x360,640x360,750x422,30,548,722,16.64.,17.28.,avc1.4D401F,mp4a.40.2,Low Latency
1741548135689,640x360,640x360,750x422,34,548,722,16.61.,17.13.,avc1.4D401F,mp4a.40.2,Low Latency
1741548136090,640x360,640x360,750x422,34,548,722,16.61.,17.13.,avc1.4D401F,mp4a.40.2,Low Latency
1741548136491,640x360,640x360,750x422,34,548,722,16.61.,17.13.,avc1.4D401F,mp4a.40.2,Low Latency
1741548136890,640x360,640x360,750x422,34,548,722,15.82.,17.13.,avc1.4D401F,mp4a.40.2,Low Latency
1741548137293,640x360,640x360,750x422,34,548,722,15.82.,17.13.,avc1.4D401F,mp4a.40.2,Low Latency
1741548137693,640x360,640x360,750x422,30,588,500,16.72.,17.27.,avc1.4D401F,mp4a.40.2,Low Latency
1741548138094,640x360,640x360,750x422,30,588,500,16.72.,17.27.,avc1.4D401F,mp4a.40.2,Low Latency
1741548138494,640x360,640x360,750x422,30,588,500,16.72.,17.27.,avc1.4D401F,mp4a.40.2,Low Latency
1741548138896,640x360,640x360,750x422,23,539,751,16.61.,17.27.,avc1.4D401F,mp4a.40.2,Low Latency
1741548139296,640x360,640x360,750x422,23,539,751,16.61.,17.27.,avc1.4D401F,mp4a.40.2,Low Latency
1741548139695,640x360,640x360,750x422,27,539,751,16.59.,17.14.,avc1.4D401F,mp4a.40.2,Low Latency
1741548140096,640x360,640x360,750x422,27,539,751,16.59.,17.14.,avc1.4D401F,mp4a.40.2,Low Latency
1741548140496,640x360,640x360,750x422,27,539,751,16.59.,17.14.,avc1.4D401F,mp4a.40.2,Low Latency
1741548140896,640x360,640x360,750x422,34,539,755,16.57.,17.14.,avc1.4D401F,mp4a.40.2,Low Latency
1741548141298,640x360,640x360,750x422,34,539,755,16.57.,17.14.,avc1.4D401F,mp4a.40.2,Low Latency
1741548141698,640x360,640x360,750x422,34,580,755,16.54.,17.24.,avc1.4D401F,mp4a.40.2,Low Latency
1741548142099,640x360,640x360,750x422,34,580,755,16.54.,17.24.,avc1.4D401F,mp4a.40.2,Low Latency
1741548142499,640x360,640x360,750x422,34,580,755,16.54.,17.24.,avc1.4D401F,mp4a.40.2,Low Latency
1741548142903,640x360,640x360,750x422,30,514,720,16.51.,17.24.,avc1.4D401F,mp4a.40.2,Low Latency
1741548143304,640x360,640x360,750x422,30,514,720,16.51.,17.24.,avc1.4D401F,mp4a.40.2,Low Latency
1741548143705,640x360,640x360,750x422,38,514,720,16.47.,17.11.,avc1.4D401F,mp4a.40.2,Low Latency
1741548144106,640x360,640x360,750x422,38,514,720,16.47.,17.11.,avc1.4D401F,mp4a.40.2,Low Latency
1741548144507,640x360,640x360,750x422,38,514,720,16.47.,17.11.,avc1.4D401F,mp4a.40.2,Low Latency
1741548144908,640x360,640x360,750x422,30,514,752,16.47.,17.11.,avc1.4D401F,mp4a.40.2,Low Latency
1741548145308,640x360,640x360,750x422,30,514,752,16.47.,17.11.,avc1.4D401F,mp4a.40.2,Low Latency
1741548145708,640x360,640x360,750x422,34,619,752,16.45.,16.99.,avc1.4D401F,mp4a.40.2,Low Latency
1741548146109,640x360,640x360,750x422,34,619,752,16.45.,16.99.,avc1.4D401F,mp4a.40.2,Low Latency
1741548146511,640x360,640x360,750x422,34,619,752,16.45.,16.99.,avc1.4D401F,mp4a.40.2,Low Latency
1741548146910,640x360,640x360,750x422,30,569,753,16.44.,16.99.,avc1.4D401F,mp4a.40.2,Low Latency
1741548147310,640x360,640x360,750x422,30,569,753,16.44.,16.99.,avc1.4D401F,mp4a.40.2,Low Latency
1741548147711,640x360,640x360,750x422,32,569,753,16.41.,17.11.,avc1.4D401F,mp4a.40.2,Low Latency
1741548148111,640x360,640x360,750x422,32,569,753,16.41.,17.11.,avc1.4D401F,mp4a.40.2,Low Latency
1741548148512,640x360,640x360,750x422,32,569,753,16.41.,17.11.,avc1.4D401F,mp4a.40.2,Low Latency
1741548148914,640x360,640x360,750x422,30,533,716,16.35.,17.11.,avc1.4D401F,mp4a.40.2,Low Latency
1741548149313,640x360,640x360,750x422,30,533,716,16.35.,17.11.,avc1.4D401F,mp4a.40.2,Low Latency
1741548149714,640x360,640x360,750x422,38,533,716,16.30.,16.87.,avc1.4D401F,mp4a.40.2,Low Latency
1741548150114,640x360,640x360,750x422,38,533,716,16.30.,16.87.,avc1.4D401F,mp4a.40.2,Low Latency
1741548150516,640x360,640x360,750x422,38,533,716,16.30.,16.87.,avc1.4D401F,mp4a.40.2,Low Latency
1741548150916,640x360,640x360,750x422,22,582,751,16.31.,16.87.,avc1.4D401F,mp4a.40.2,Low Latency
1741548151317,640x360,640x360,750x422,22,582,751,16.31.,16.87.,avc1.4D401F,mp4a.40.2,Low Latency
1741548151718,640x360,640x360,750x422,30,582,751,16.28.,16.72.,avc1.4D401F,mp4a.40.2,Low Latency
1741548152118,640x360,640x360,750x422,30,582,751,16.28.,16.72.,avc1.4D401F,mp4a.40.2,Low Latency
1741548152519,640x360,640x360,750x422,30,582,751,16.28.,16.72.,avc1.4D401F,mp4a.40.2,Low Latency
1741548152918,640x360,640x360,750x422,23,556,742,16.25.,16.72.,avc1.4D401F,mp4a.40.2,Low Latency
1741548153321,640x360,640x360,750x422,23,556,742,16.25.,16.72.,avc1.4D401F,mp4a.40.2,Low Latency
1741548153721,640x360,640x360,750x422,11,556,742,16.01.,16.86.,avc1.4D401F,mp4a.40.2,Low Latency
1741548154122,640x360,640x360,750x422,11,556,742,16.01.,16.86.,avc1.4D401F,mp4a.40.2,Low Latency
1741548154523,640x360,640x360,750x422,11,556,742,16.01.,16.86.,avc1.4D401F,mp4a.40.2,Low Latency
1741548154926,640x360,640x360,750x422,30,556,760,16.22.,16.86.,avc1.4D401F,mp4a.40.2,Low Latency
1741548155327,640x360,640x360,750x422,30,556,760,16.22.,16.86.,avc1.4D401F,mp4a.40.2,Low Latency
1741548155728,640x360,640x360,750x422,30,631,760,16.19.,16.72.,avc1.4D401F,mp4a.40.2,Low Latency
1741548156129,640x360,640x360,750x422,30,631,760,16.19.,16.72.,avc1.4D401F,mp4a.40.2,Low Latency
1741548156529,640x360,640x360,750x422,30,631,760,16.19.,16.72.,avc1.4D401F,mp4a.40.2,Low Latency
1741548156929,640x360,640x360,750x422,30,519,712,15.97.,16.58.,avc1.4D401F,mp4a.40.2,Low Latency
1741548157330,640x360,640x360,750x422,30,519,712,15.97.,16.58.,avc1.4D401F,mp4a.40.2,Low Latency
1741548157731,640x360,640x360,750x422,26,519,712,14.93.,16.58.,avc1.4D401F,mp4a.40.2,Low Latency
1741548158130,640x360,640x360,750x422,26,519,712,14.93.,16.58.,avc1.4D401F,mp4a.40.2,Low Latency
1741548158531,640x360,640x360,750x422,26,519,712,14.93.,16.58.,avc1.4D401F,mp4a.40.2,Low Latency
1741548158932,640x360,640x360,750x422,N/A,519,742,15.99.,16.58.,avc1.4D401F,mp4a.40.2,Low Latency
1741548159335,640x360,640x360,750x422,N/A,519,742,15.99.,16.58.,avc1.4D401F,mp4a.40.2,Low Latency
1741548159735,640x360,640x360,750x422,35,575,742,15.97.,16.70.,avc1.4D401F,mp4a.40.2,Low Latency
1741548160136,640x360,640x360,750x422,35,575,742,15.97.,16.70.,avc1.4D401F,mp4a.40.2,Low Latency
1741548160536,640x360,640x360,750x422,35,575,742,15.97.,16.70.,avc1.4D401F,mp4a.40.2,Low Latency
1741548160937,640x360,640x360,750x422,35,559,749,15.94.,16.57.,avc1.4D401F,mp4a.40.2,Low Latency
1741548161338,640x360,640x360,750x422,35,559,749,15.94.,16.57.,avc1.4D401F,mp4a.40.2,Low Latency
1741548161739,640x360,640x360,750x422,33,559,749,15.91.,16.57.,avc1.4D401F,mp4a.40.2,Low Latency
1741548162139,640x360,640x360,750x422,33,559,749,15.91.,16.57.,avc1.4D401F,mp4a.40.2,Low Latency
1741548162538,640x360,640x360,750x422,33,559,749,15.91.,16.57.,avc1.4D401F,mp4a.40.2,Low Latency
1741548162939,640x360,640x360,750x422,30,619,755,15.91.,16.43.,avc1.4D401F,mp4a.40.2,Low Latency
1741548163341,640x360,640x360,750x422,30,619,755,15.91.,16.43.,avc1.4D401F,mp4a.40.2,Low Latency
1741548163741,640x360,640x360,750x422,30,619,755,15.89.,16.43.,avc1.4D401F,mp4a.40.2,Low Latency
1741548164141,640x360,640x360,750x422,30,619,755,15.89.,16.43.,avc1.4D401F,mp4a.40.2,Low Latency
1741548164542,640x360,640x360,750x422,30,619,755,15.89.,16.43.,avc1.4D401F,mp4a.40.2,Low Latency
1741548164943,640x360,640x360,750x422,19,480,675,15.93.,16.55.,avc1.4D401F,mp4a.40.2,Low Latency
1741548165345,640x360,640x360,750x422,19,480,675,15.93.,16.55.,avc1.4D401F,mp4a.40.2,Low Latency
1741548165745,640x360,640x360,750x422,38,480,675,15.79.,16.55.,avc1.4D401F,mp4a.40.2,Low Latency
1741548166147,640x360,640x360,750x422,38,480,675,15.79.,16.55.,avc1.4D401F,mp4a.40.2,Low Latency
1741548166548,640x360,640x360,750x422,38,480,675,15.79.,16.55.,avc1.4D401F,mp4a.40.2,Low Latency
1741548166949,640x360,640x360,750x422,26,565,731,15.86.,16.40.,avc1.4D401F,mp4a.40.2,Low Latency
1741548167350,640x360,640x360,750x422,26,565,731,15.86.,16.40.,avc1.4D401F,mp4a.40.2,Low Latency
1741548167751,640x360,640x360,750x422,34,565,731,15.83.,16.40.,avc1.4D401F,mp4a.40.2,Low Latency
1741548168153,640x360,640x360,750x422,34,565,731,15.83.,16.40.,avc1.4D401F,mp4a.40.2,Low Latency
1741548168561,640x360,640x360,750x422,34,565,731,15.83.,16.40.,avc1.4D401F,mp4a.40.2,Low Latency
1741548168962,640x360,640x360,750x422,30,583,738,15.70.,16.29.,avc1.4D401F,mp4a.40.2,Low Latency
1741548169363,640x360,640x360,750x422,30,583,738,15.70.,16.29.,avc1.4D401F,mp4a.40.2,Low Latency
1741548169764,640x360,640x360,750x422,30,583,738,15.66.,16.29.,avc1.4D401F,mp4a.40.2,Low Latency
1741548170165,640x360,640x360,750x422,30,583,738,15.66.,16.29.,avc1.4D401F,mp4a.40.2,Low Latency
1741548170567,640x360,640x360,750x422,30,583,738,15.66.,16.29.,avc1.4D401F,mp4a.40.2,Low Latency
1741548170968,640x360,640x360,750x422,30,583,1000,19.45.,16.41.,avc1.4D401F,mp4a.40.2,Low Latency
1741548171369,640x360,640x360,750x422,30,583,1000,19.45.,16.41.,avc1.4D401F,mp4a.40.2,Low Latency
1741548171769,640x360,640x360,750x422,30,178,6838,20.46.,16.41.,avc1.4D401F,mp4a.40.2,Low Latency
1741548172169,640x360,640x360,750x422,30,178,6838,20.46.,16.41.,avc1.4D401F,mp4a.40.2,Low Latency
1741548172571,640x360,640x360,750x422,30,178,6838,20.46.,16.41.,avc1.4D401F,mp4a.40.2,Low Latency
1741548172970,640x360,640x360,750x422,30,178,6838,19.34.,16.28.,avc1.4D401F,mp4a.40.2,Low Latency
1741548173371,640x360,640x360,750x422,30,178,6838,19.34.,16.28.,avc1.4D401F,mp4a.40.2,Low Latency
1741548173772,640x360,640x360,750x422,26,178,6838,18.46.,16.28.,avc1.4D401F,mp4a.40.2,Low Latency
1741548174171,640x360,640x360,750x422,26,178,6838,18.46.,16.28.,avc1.4D401F,mp4a.40.2,Low Latency
1741548174572,640x360,640x360,750x422,26,178,6838,18.46.,16.28.,avc1.4D401F,mp4a.40.2,Low Latency
1741548174974,640x360,640x360,750x422,26,178,10,19.46.,16.07.,avc1.4D401F,mp4a.40.2,Low Latency
1741548175375,640x360,640x360,750x422,26,178,10,19.46.,16.07.,avc1.4D401F,mp4a.40.2,Low Latency
1741548175777,640x360,640x360,750x422,30,197,10,18.47.,16.07.,avc1.4D401F,mp4a.40.2,Low Latency
1741548176178,640x360,640x360,750x422,30,197,10,18.47.,16.07.,avc1.4D401F,mp4a.40.2,Low Latency
1741548176578,640x360,640x360,750x422,30,197,10,18.47.,16.07.,avc1.4D401F,mp4a.40.2,Low Latency
1741548176979,640x360,640x360,750x422,30,197,10,17.46.,16.29.,avc1.4D401F,mp4a.40.2,Low Latency
1741548177380,640x360,640x360,750x422,30,197,10,17.46.,16.29.,avc1.4D401F,mp4a.40.2,Low Latency
1741548177780,640x360,640x360,750x422,30,163,13,18.47.,16.29.,avc1.4D401F,mp4a.40.2,Low Latency
1741548178181,640x360,640x360,750x422,30,163,13,18.47.,16.29.,avc1.4D401F,mp4a.40.2,Low Latency
1741548178581,640x360,640x360,750x422,30,163,13,18.47.,16.29.,avc1.4D401F,mp4a.40.2,Low Latency
1741548178981,640x360,640x360,750x422,30,163,13,17.47.,16.16.,avc1.4D401F,mp4a.40.2,Low Latency
1741548179382,640x360,640x360,750x422,30,163,13,17.47.,16.16.,avc1.4D401F,mp4a.40.2,Low Latency
1741548179783,640x360,640x360,750x422,34,185,12,18.47.,16.16.,avc1.4D401F,mp4a.40.2,Low Latency
1741548180183,640x360,640x360,750x422,34,185,12,18.47.,16.16.,avc1.4D401F,mp4a.40.2,Low Latency
1741548180584,640x360,640x360,750x422,34,185,12,18.47.,16.16.,avc1.4D401F,mp4a.40.2,Low Latency
1741548180986,640x360,640x360,750x422,30,185,12,17.47.,16.26.,avc1.4D401F,mp4a.40.2,Low Latency
1741548181386,640x360,640x360,750x422,30,185,12,17.47.,16.26.,avc1.4D401F,mp4a.40.2,Low Latency
1741548181787,640x360,640x360,750x422,30,177,14,18.45.,16.26.,avc1.4D401F,mp4a.40.2,Low Latency
1741548182188,640x360,640x360,750x422,30,177,14,18.45.,16.26.,avc1.4D401F,mp4a.40.2,Low Latency
1741548182588,640x360,640x360,750x422,30,177,14,18.45.,16.26.,avc1.4D401F,mp4a.40.2,Low Latency
1741548182988,640x360,640x360,750x422,30,170,14,19.46.,16.38.,avc1.4D401F,mp4a.40.2,Low Latency
1741548183388,640x360,640x360,750x422,30,170,14,19.46.,16.38.,avc1.4D401F,mp4a.40.2,Low Latency
1741548183789,640x360,640x360,750x422,34,170,14,18.45.,16.38.,avc1.4D401F,mp4a.40.2,Low Latency
1741548184190,640x360,640x360,750x422,34,170,14,18.45.,16.38.,avc1.4D401F,mp4a.40.2,Low Latency
1741548184591,640x360,640x360,750x422,34,170,14,18.45.,16.38.,avc1.4D401F,mp4a.40.2,Low Latency
1741548184991,640x360,640x360,750x422,30,186,15,19.46.,16.27.,avc1.4D401F,mp4a.40.2,Low Latency
1741548185392,640x360,640x360,750x422,30,186,15,19.46.,16.27.,avc1.4D401F,mp4a.40.2,Low Latency
1741548185794,640x360,640x360,750x422,34,186,15,18.46.,16.27.,avc1.4D401F,mp4a.40.2,Low Latency
1741548186194,640x360,640x360,750x422,34,186,15,18.46.,16.27.,avc1.4D401F,mp4a.40.2,Low Latency
1741548186594,640x360,640x360,750x422,34,186,15,18.46.,16.27.,avc1.4D401F,mp4a.40.2,Low Latency
1741548186995,256x144,256x144,750x422,26,186,17,19.13.,16.27.,avc1.4D401F,mp4a.40.2,Low Latency
1741548187397,256x144,256x144,750x422,26,186,17,19.13.,16.27.,avc1.4D401F,mp4a.40.2,Low Latency
1741548187796,256x144,256x144,750x422,26,176,17,18.45.,16.27.,avc1.4D401F,mp4a.40.2,Low Latency
1741548188198,256x144,256x144,750x422,26,176,17,18.45.,16.27.,avc1.4D401F,mp4a.40.2,Low Latency
1741548188598,256x144,256x144,750x422,26,176,17,18.45.,16.27.,avc1.4D401F,mp4a.40.2,Low Latency
1741548188999,256x144,256x144,750x422,27,192,16,17.70.,16.27.,avc1.4D401F,mp4a.40.2,Low Latency
1741548189400,256x144,256x144,750x422,27,192,16,17.70.,16.27.,avc1.4D401F,mp4a.40.2,Low Latency
1741548189801,256x144,256x144,750x422,30,192,16,16.70.,16.27.,avc1.4D401F,mp4a.40.2,Low Latency
1741548190201,256x144,256x144,750x422,30,192,16,16.70.,16.27.,avc1.4D401F,mp4a.40.2,Low Latency
1741548190601,256x144,256x144,750x422,30,192,16,16.70.,16.27.,avc1.4D401F,mp4a.40.2,Low Latency
1741548191001,256x144,256x144,750x422,19,192,16,15.70.,16.27.,avc1.4D401F,mp4a.40.2,Low Latency
1741548191402,256x144,256x144,750x422,19,192,16,15.70.,16.27.,avc1.4D401F,mp4a.40.2,Low Latency
1741548191802,256x144,256x144,750x422,30,6,14,16.71.,16.27.,avc1.4D401F,mp4a.40.2,Low Latency
1741548192202,256x144,256x144,750x422,30,6,14,16.71.,16.27.,avc1.4D401F,mp4a.40.2,Low Latency
1741548192603,256x144,256x144,750x422,30,6,14,16.71.,16.27.,avc1.4D401F,mp4a.40.2,Low Latency
1741548193006,256x144,256x144,750x422,30,161,14,17.71.,16.27.,avc1.4D401F,mp4a.40.2,Low Latency
1741548193407,256x144,256x144,750x422,30,161,14,17.71.,16.27.,avc1.4D401F,mp4a.40.2,Low Latency
1741548193808,256x144,256x144,750x422,38,171,15,18.72.,16.27.,avc1.4D401F,mp4a.40.2,Low Latency
1741548194208,256x144,256x144,750x422,38,171,15,18.72.,16.27.,avc1.4D401F,mp4a.40.2,Low Latency
1741548194608,256x144,256x144,750x422,38,171,15,18.72.,16.27.,avc1.4D401F,mp4a.40.2,Low Latency
1741548195008,256x144,256x144,750x422,30,171,15,17.72.,16.27.,avc1.4D401F,mp4a.40.2,Low Latency
1741548195408,256x144,256x144,750x422,30,171,15,17.72.,16.27.,avc1.4D401F,mp4a.40.2,Low Latency
1741548195808,256x144,256x144,750x422,30,169,15,18.73.,16.27.,avc1.4D401F,mp4a.40.2,Low Latency
1741548196209,256x144,256x144,750x422,30,169,15,18.73.,16.27.,avc1.4D401F,mp4a.40.2,Low Latency
1741548196610,256x144,256x144,750x422,30,169,15,18.73.,16.27.,avc1.4D401F,mp4a.40.2,Low Latency
1741548197009,256x144,256x144,750x422,34,169,15,19.70.,16.27.,avc1.4D401F,mp4a.40.2,Low Latency
1741548197409,256x144,256x144,750x422,34,169,15,19.70.,16.27.,avc1.4D401F,mp4a.40.2,Low Latency
1741548197809,256x144,256x144,750x422,23,168,15,18.73.,16.27.,avc1.4D401F,mp4a.40.2,Low Latency
1741548198210,256x144,256x144,750x422,23,168,15,18.73.,16.27.,avc1.4D401F,mp4a.40.2,Low Latency
1741548198610,256x144,256x144,750x422,23,168,15,18.73.,16.27.,avc1.4D401F,mp4a.40.2,Low Latency
1741548199011,256x144,256x144,750x422,26,177,15,19.74.,16.27.,avc1.4D401F,mp4a.40.2,Low Latency
1741548199411,256x144,256x144,750x422,26,177,15,19.74.,16.27.,avc1.4D401F,mp4a.40.2,Low Latency
1741548199811,256x144,256x144,750x422,34,177,15,18.74.,16.27.,avc1.4D401F,mp4a.40.2,Low Latency
1741548200211,256x144,256x144,750x422,34,177,15,18.74.,16.27.,avc1.4D401F,mp4a.40.2,Low Latency
1741548200612,256x144,256x144,750x422,34,177,15,18.74.,16.27.,avc1.4D401F,mp4a.40.2,Low Latency
1741548201012,256x144,256x144,750x422,30,177,15,17.74.,16.27.,avc1.4D401F,mp4a.40.2,Low Latency
1741548201412,256x144,256x144,750x422,30,177,15,17.74.,16.27.,avc1.4D401F,mp4a.40.2,Low Latency
1741548201812,256x144,256x144,750x422,30,177,15,17.74.,16.27.,avc1.4D401F,mp4a.40.2,Low Latency
1741548202213,256x144,256x144,750x422,30,177,15,17.74.,16.27.,avc1.4D401F,mp4a.40.2,Low Latency
1741548202613,256x144,256x144,750x422,30,177,15,17.74.,16.27.,avc1.4D401F,mp4a.40.2,Low Latency
1741548203013,256x144,256x144,750x422,30,177,15,17.74.,16.27.,avc1.4D401F,mp4a.40.2,Low Latency
1741548203414,256x144,256x144,750x422,30,177,15,17.74.,16.27.,avc1.4D401F,mp4a.40.2,Low Latency
1741548203815,256x144,256x144,750x422,30,177,15,17.74.,16.27.,avc1.4D401F,mp4a.40.2,Low Latency
1741548204616,256x144,256x144,750x422,30,177,15,17.74.,16.27.,avc1.4D401F,mp4a.40.2,Low Latency
1741548204215,256x144,256x144,750x422,30,177,15,17.74.,16.27.,avc1.4D401F,mp4a.40.2,Low Latency
1741548205017,256x144,256x144,750x422,30,177,15,17.74.,16.27.,avc1.4D401F,mp4a.40.2,Low Latency
1741548205418,256x144,256x144,750x422,30,177,15,17.74.,16.27.,avc1.4D401F,mp4a.40.2,Low Latency
1741548205819,256x144,256x144,750x422,30,177,15,17.74.,16.27.,avc1.4D401F,mp4a.40.2,Low Latency
1741548206220,256x144,256x144,750x422,30,177,15,17.74.,16.27.,avc1.4D401F,mp4a.40.2,Low Latency
1741548206621,256x144,256x144,750x422,30,177,15,17.74.,16.27.,avc1.4D401F,mp4a.40.2,Low Latency
1741548207022,256x144,256x144,750x422,30,177,15,17.74.,16.27.,avc1.4D401F,mp4a.40.2,Low Latency
1741548207423,256x144,256x144,750x422,30,177,15,17.74.,16.27.,avc1.4D401F,mp4a.40.2,Low Latency
1741548207823,256x144,256x144,750x422,30,177,15,17.74.,16.27.,avc1.4D401F,mp4a.40.2,Low Latency
1741548208224,256x144,256x144,750x422,30,177,15,17.74.,16.27.,avc1.4D401F,mp4a.40.2,Low Latency
1741548208624,256x144,256x144,750x422,30,177,15,17.74.,16.27.,avc1.4D401F,mp4a.40.2,Low Latency
1741548209024,256x144,256x144,750x422,30,177,15,17.74.,16.27.,avc1.4D401F,mp4a.40.2,Low Latency
1741548209424,256x144,256x144,750x422,30,177,15,17.74.,16.27.,avc1.4D401F,mp4a.40.2,Low Latency
1741548209824,256x144,256x144,750x422,30,177,15,17.74.,16.27.,avc1.4D401F,mp4a.40.2,Low Latency
1741548210225,256x144,256x144,750x422,30,177,15,17.74.,16.27.,avc1.4D401F,mp4a.40.2,Low Latency
1741548210626,256x144,256x144,750x422,N/A,177,15,10.54.,16.27.,avc1.4D401F,mp4a.40.2,Low Latency
1741548211026,256x144,256x144,750x422,N/A,177,15,10.54.,16.27.,avc1.4D401F,mp4a.40.2,Low Latency
1741548211427,256x144,256x144,750x422,11,177,16,17.13.,16.27.,avc1.4D401F,mp4a.40.2,Low Latency
1741548211828,256x144,256x144,750x422,155,169,14,22.73.,16.27.,avc1.4D401F,mp4a.40.2,Low Latency
1741548212228,256x144,256x144,750x422,155,169,14,22.73.,16.27.,avc1.4D401F,mp4a.40.2,Low Latency
1741548212628,256x144,256x144,750x422,26,174,14,23.87.,16.27.,avc1.4D401F,mp4a.40.2,Low Latency
1741548213029,256x144,256x144,750x422,26,174,14,23.87.,16.27.,avc1.4D401F,mp4a.40.2,Low Latency
1741548213432,256x144,256x144,750x422,26,174,14,23.87.,16.27.,avc1.4D401F,mp4a.40.2,Low Latency
1741548213833,256x144,256x144,750x422,32,170,14,22.88.,16.27.,avc1.4D401F,mp4a.40.2,Low Latency
1741548214233,256x144,256x144,750x422,32,170,14,22.88.,16.27.,avc1.4D401F,mp4a.40.2,Low Latency
1741548214638,256x144,256x144,750x422,26,170,15,23.86.,16.27.,avc1.4D401F,mp4a.40.2,Low Latency
1741548215039,256x144,256x144,750x422,26,170,15,23.86.,16.27.,avc1.4D401F,mp4a.40.2,Low Latency
1741548215439,256x144,256x144,750x422,26,170,15,23.86.,16.27.,avc1.4D401F,mp4a.40.2,Low Latency
1741548215839,256x144,256x144,750x422,32,162,15,22.85.,16.27.,avc1.4D401F,mp4a.40.2,Low Latency
1741548216239,256x144,256x144,750x422,32,162,15,22.85.,16.27.,avc1.4D401F,mp4a.40.2,Low Latency
1741548216640,256x144,256x144,750x422,30,162,15,21.85.,16.27.,avc1.4D401F,mp4a.40.2,Low Latency
1741548217043,256x144,256x144,750x422,30,162,15,21.85.,16.27.,avc1.4D401F,mp4a.40.2,Low Latency
1741548217444,256x144,256x144,750x422,30,162,15,21.85.,16.27.,avc1.4D401F,mp4a.40.2,Low Latency
1741548217845,256x144,256x144,750x422,30,178,15,22.02.,16.27.,avc1.4D401F,mp4a.40.2,Low Latency
1741548218245,256x144,256x144,750x422,30,178,15,22.02.,16.27.,avc1.4D401F,mp4a.40.2,Low Latency
1741548218644,256x144,256x144,750x422,41,178,15,21.03.,16.27.,avc1.4D401F,mp4a.40.2,Low Latency
1741548219045,256x144,256x144,750x422,41,178,15,21.03.,16.27.,avc1.4D401F,mp4a.40.2,Low Latency
1741548219446,256x144,256x144,750x422,41,178,15,21.03.,16.27.,avc1.4D401F,mp4a.40.2,Low Latency
1741548219847,256x144,256x144,750x422,26,168,15,22.03.,16.27.,avc1.4D401F,mp4a.40.2,Low Latency
1741548220247,256x144,256x144,750x422,26,168,15,22.03.,16.27.,avc1.4D401F,mp4a.40.2,Low Latency
1741548220647,256x144,256x144,750x422,30,158,15,23.04.,16.27.,avc1.4D401F,mp4a.40.2,Low Latency
1741548221048,256x144,256x144,750x422,30,158,15,23.04.,16.27.,avc1.4D401F,mp4a.40.2,Low Latency
1741548221449,256x144,256x144,750x422,30,158,15,23.04.,16.27.,avc1.4D401F,mp4a.40.2,Low Latency
1741548221850,256x144,256x144,750x422,30,158,15,22.04.,16.27.,avc1.4D401F,mp4a.40.2,Low Latency
1741548222251,256x144,256x144,750x422,30,158,15,22.04.,16.27.,avc1.4D401F,mp4a.40.2,Low Latency
1741548222652,256x144,256x144,750x422,30,158,15,21.03.,16.27.,avc1.4D401F,mp4a.40.2,Low Latency
1741548223052,256x144,256x144,750x422,30,158,15,21.03.,16.27.,avc1.4D401F,mp4a.40.2,Low Latency
1741548223454,256x144,256x144,750x422,30,158,15,21.03.,16.27.,avc1.4D401F,mp4a.40.2,Low Latency
1741548223855,256x144,256x144,750x422,34,168,15,22.04.,16.27.,avc1.4D401F,mp4a.40.2,Low Latency
1741548224255,256x144,256x144,750x422,34,168,15,22.04.,16.27.,avc1.4D401F,mp4a.40.2,Low Latency
1741548224655,256x144,256x144,750x422,34,168,15,22.04.,16.27.,avc1.4D401F,mp4a.40.2,Low Latency
1741548225056,256x144,256x144,750x422,23,168,15,22.84.,16.27.,avc1.4D401F,mp4a.40.2,Low Latency
1741548225457,256x144,256x144,750x422,23,168,15,22.84.,16.27.,avc1.4D401F,mp4a.40.2,Low Latency
1741548225858,256x144,256x144,750x422,12,180,15,22.03.,16.27.,avc1.4D401F,mp4a.40.2,Low Latency
1741548226259,256x144,256x144,750x422,12,180,15,22.03.,16.27.,avc1.4D401F,mp4a.40.2,Low Latency
1741548226659,256x144,256x144,750x422,30,180,15,23.03.,16.27.,avc1.4D401F,mp4a.40.2,Low Latency
1741548227063,256x144,256x144,750x422,30,180,15,23.03.,16.27.,avc1.4D401F,mp4a.40.2,Low Latency
1741548227463,256x144,256x144,750x422,30,180,15,23.03.,16.27.,avc1.4D401F,mp4a.40.2,Low Latency
1741548227864,256x144,256x144,750x422,38,177,15,22.03.,16.27.,avc1.4D401F,mp4a.40.2,Low Latency
1741548228265,256x144,256x144,750x422,38,177,15,22.03.,16.27.,avc1.4D401F,mp4a.40.2,Low Latency
1741548228666,256x144,256x144,750x422,30,177,15,21.03.,16.27.,avc1.4D401F,mp4a.40.2,Low Latency
1741548229067,256x144,256x144,750x422,30,177,15,21.03.,16.27.,avc1.4D401F,mp4a.40.2,Low Latency
1741548229468,256x144,256x144,750x422,30,177,15,21.03.,16.27.,avc1.4D401F,mp4a.40.2,Low Latency
1741548229869,256x144,256x144,750x422,26,184,15,22.03.,16.27.,avc1.4D401F,mp4a.40.2,Low Latency
1741548230268,256x144,256x144,750x422,26,184,15,22.03.,16.27.,avc1.4D401F,mp4a.40.2,Low Latency
1741548230669,256x144,256x144,750x422,30,184,15,21.04.,16.27.,avc1.4D401F,mp4a.40.2,Low Latency
1741548231069,256x144,256x144,750x422,30,184,15,21.04.,16.27.,avc1.4D401F,mp4a.40.2,Low Latency
1741548231469,256x144,256x144,750x422,30,184,15,21.04.,16.27.,avc1.4D401F,mp4a.40.2,Low Latency
1741548231870,256x144,256x144,750x422,29,181,15,22.04.,16.27.,avc1.4D401F,mp4a.40.2,Low Latency
1741548232270,256x144,256x144,750x422,29,181,15,22.04.,16.27.,avc1.4D401F,mp4a.40.2,Low Latency
1741548232669,256x144,256x144,750x422,30,181,15,21.04.,16.27.,avc1.4D401F,mp4a.40.2,Low Latency
1741548233069,256x144,256x144,750x422,30,181,15,21.04.,16.27.,avc1.4D401F,mp4a.40.2,Low Latency
1741548233470,256x144,256x144,750x422,30,181,15,21.04.,16.27.,avc1.4D401F,mp4a.40.2,Low Latency
1741548233870,256x144,256x144,750x422,30,181,15,20.03.,16.27.,avc1.4D401F,mp4a.40.2,Low Latency
1741548234270,256x144,256x144,750x422,30,181,15,20.03.,16.27.,avc1.4D401F,mp4a.40.2,Low Latency
1741548234670,256x144,256x144,750x422,30,181,15,19.04.,16.27.,avc1.4D401F,mp4a.40.2,Low Latency
1741548235071,256x144,256x144,750x422,30,181,15,19.04.,16.27.,avc1.4D401F,mp4a.40.2,Low Latency
1741548235471,256x144,256x144,750x422,30,181,15,19.04.,16.27.,avc1.4D401F,mp4a.40.2,Low Latency
1741548235872,256x144,256x144,750x422,28,60,1000,20.45.,16.27.,avc1.4D401F,mp4a.40.2,Low Latency
1741548236273,256x144,256x144,750x422,28,60,1000,20.45.,16.27.,avc1.4D401F,mp4a.40.2,Low Latency
1741548236673,256x144,256x144,750x422,32,519,1228,20.41.,16.27.,avc1.4D401F,mp4a.40.2,Low Latency
1741548237075,256x144,256x144,750x422,32,519,1228,20.41.,16.27.,avc1.4D401F,mp4a.40.2,Low Latency
1741548237476,256x144,256x144,750x422,32,519,1228,20.41.,16.27.,avc1.4D401F,mp4a.40.2,Low Latency
1741548237876,256x144,256x144,750x422,31,519,1228,20.45.,16.27.,avc1.4D401F,mp4a.40.2,Low Latency
1741548238277,256x144,256x144,750x422,31,519,1228,20.45.,16.27.,avc1.4D401F,mp4a.40.2,Low Latency
1741548238679,256x144,256x144,750x422,27,535,791,20.45.,16.27.,avc1.4D401F,mp4a.40.2,Low Latency
1741548239080,256x144,256x144,750x422,27,535,791,20.45.,16.27.,avc1.4D401F,mp4a.40.2,Low Latency
1741548239483,256x144,256x144,750x422,27,535,791,20.45.,16.27.,avc1.4D401F,mp4a.40.2,Low Latency
1741548239884,256x144,256x144,750x422,34,535,791,20.45.,16.27.,avc1.4D401F,mp4a.40.2,Low Latency
1741548240287,256x144,256x144,750x422,34,535,791,20.45.,16.27.,avc1.4D401F,mp4a.40.2,Low Latency
1741548240688,256x144,256x144,750x422,23,571,764,20.40.,16.27.,avc1.4D401F,mp4a.40.2,Low Latency
1741548241089,256x144,256x144,750x422,23,571,764,20.40.,16.27.,avc1.4D401F,mp4a.40.2,Low Latency
1741548241491,256x144,256x144,750x422,23,571,764,20.40.,16.27.,avc1.4D401F,mp4a.40.2,Low Latency
1741548241893,256x144,256x144,750x422,11,571,764,20.41.,16.27.,avc1.4D401F,mp4a.40.2,Low Latency
1741548242293,256x144,256x144,750x422,11,571,764,20.41.,16.27.,avc1.4D401F,mp4a.40.2,Low Latency
1741548242693,256x144,256x144,750x422,15,560,724,20.41.,16.27.,avc1.4D401F,mp4a.40.2,Low Latency
1741548243094,256x144,256x144,750x422,15,560,724,20.41.,16.27.,avc1.4D401F,mp4a.40.2,Low Latency
1741548243496,256x144,256x144,750x422,15,560,724,20.41.,16.27.,avc1.4D401F,mp4a.40.2,Low Latency
1741548243898,256x144,256x144,750x422,19,560,724,20.42.,16.27.,avc1.4D401F,mp4a.40.2,Low Latency
1741548244297,256x144,256x144,750x422,19,560,724,20.42.,16.27.,avc1.4D401F,mp4a.40.2,Low Latency
1741548244699,256x144,256x144,750x422,23,560,709,20.42.,16.27.,avc1.4D401F,mp4a.40.2,Low Latency
1741548245100,256x144,256x144,750x422,23,560,709,20.42.,16.27.,avc1.4D401F,mp4a.40.2,Low Latency
1741548245501,256x144,256x144,750x422,23,560,709,20.42.,16.27.,avc1.4D401F,mp4a.40.2,Low Latency
1741548245901,256x144,256x144,750x422,26,530,709,20.40.,16.27.,avc1.4D401F,mp4a.40.2,Low Latency
1741548246300,256x144,256x144,750x422,26,530,709,20.40.,16.27.,avc1.4D401F,mp4a.40.2,Low Latency
1741548246700,256x144,256x144,750x422,26,530,709,19.81.,16.27.,avc1.4D401F,mp4a.40.2,Low Latency
1741548247101,256x144,256x144,750x422,26,530,709,19.81.,16.27.,avc1.4D401F,mp4a.40.2,Low Latency
1741548247502,256x144,256x144,750x422,26,530,709,19.81.,16.27.,avc1.4D401F,mp4a.40.2,Low Latency
1741548247902,256x144,256x144,750x422,25,578,614,20.45.,16.27.,avc1.4D401F,mp4a.40.2,Low Latency
1741548248301,256x144,256x144,750x422,25,578,614,20.45.,16.27.,avc1.4D401F,mp4a.40.2,Low Latency
1741548248702,256x144,256x144,750x422,11,589,774,20.42.,16.27.,avc1.4D401F,mp4a.40.2,Low Latency
1741548249103,256x144,256x144,750x422,11,589,774,20.42.,16.27.,avc1.4D401F,mp4a.40.2,Low Latency
1741548249503,256x144,256x144,750x422,11,589,774,20.42.,16.27.,avc1.4D401F,mp4a.40.2,Low Latency
1741548249904,256x144,256x144,750x422,23,589,774,20.41.,16.27.,avc1.4D401F,mp4a.40.2,Low Latency
1741548250305,256x144,256x144,750x422,23,589,774,20.41.,16.27.,avc1.4D401F,mp4a.40.2,Low Latency
1741548250706,256x144,256x144,750x422,30,536,741,20.45.,16.27.,avc1.4D401F,mp4a.40.2,Low Latency
1741548251106,256x144,256x144,750x422,30,536,741,20.45.,16.27.,avc1.4D401F,mp4a.40.2,Low Latency
1741548251507,256x144,256x144,750x422,30,536,741,20.45.,16.27.,avc1.4D401F,mp4a.40.2,Low Latency
1741548251907,256x144,256x144,750x422,19,536,741,20.47.,16.27.,avc1.4D401F,mp4a.40.2,Low Latency
1741548252308,256x144,256x144,750x422,19,536,741,20.47.,16.27.,avc1.4D401F,mp4a.40.2,Low Latency
1741548252710,256x144,256x144,750x422,23,535,625,20.41.,16.27.,avc1.4D401F,mp4a.40.2,Low Latency
1741548253110,256x144,256x144,750x422,23,535,625,20.41.,16.27.,avc1.4D401F,mp4a.40.2,Low Latency
1741548253511,256x144,256x144,750x422,23,535,625,20.41.,16.27.,avc1.4D401F,mp4a.40.2,Low Latency
1741548253915,256x144,256x144,750x422,19,535,625,20.45.,16.27.,avc1.4D401F,mp4a.40.2,Low Latency
1741548254316,256x144,256x144,750x422,19,535,625,20.45.,16.27.,avc1.4D401F,mp4a.40.2,Low Latency
1741548254716,256x144,256x144,750x422,11,622,736,20.41.,16.27.,avc1.4D401F,mp4a.40.2,Low Latency
1741548255116,256x144,256x144,750x422,11,622,736,20.41.,16.27.,avc1.4D401F,mp4a.40.2,Low Latency
1741548255517,256x144,256x144,750x422,11,622,736,20.41.,16.27.,avc1.4D401F,mp4a.40.2,Low Latency
1741548255918,640x360,640x360,750x422,30,622,736,20.45.,21.08.,avc1.4D401F,mp4a.40.2,Low Latency
1741548256319,640x360,640x360,750x422,30,622,736,20.45.,21.08.,avc1.4D401F,mp4a.40.2,Low Latency
1741548256721,640x360,640x360,750x422,26,622,644,20.39.,21.08.,avc1.4D401F,mp4a.40.2,Low Latency
1741548257122,640x360,640x360,750x422,26,622,644,20.39.,21.08.,avc1.4D401F,mp4a.40.2,Low Latency
1741548257522,640x360,640x360,750x422,26,622,644,20.39.,21.08.,avc1.4D401F,mp4a.40.2,Low Latency
1741548257927,640x360,640x360,750x422,34,470,644,20.36.,21.03.,avc1.4D401F,mp4a.40.2,Low Latency
1741548258328,640x360,640x360,750x422,34,470,644,20.36.,21.03.,avc1.4D401F,mp4a.40.2,Low Latency
1741548258729,640x360,640x360,750x422,26,585,731,20.42.,21.03.,avc1.4D401F,mp4a.40.2,Low Latency
1741548259133,640x360,640x360,750x422,26,585,731,20.42.,21.03.,avc1.4D401F,mp4a.40.2,Low Latency
1741548259534,640x360,640x360,750x422,26,585,731,20.42.,21.03.,avc1.4D401F,mp4a.40.2,Low Latency
1741548259935,640x360,640x360,750x422,30,585,731,20.40.,20.86.,avc1.4D401F,mp4a.40.2,Low Latency
1741548260336,640x360,640x360,750x422,30,585,731,20.40.,20.86.,avc1.4D401F,mp4a.40.2,Low Latency
1741548260736,640x360,640x360,750x422,35,585,766,20.23.,20.86.,avc1.4D401F,mp4a.40.2,Low Latency
1741548261137,640x360,640x360,750x422,35,585,766,20.23.,20.86.,avc1.4D401F,mp4a.40.2,Low Latency
1741548261538,640x360,640x360,750x422,35,585,766,20.23.,20.86.,avc1.4D401F,mp4a.40.2,Low Latency
1741548261938,640x360,640x360,750x422,30,748,766,20.27.,21.00.,avc1.4D401F,mp4a.40.2,Low Latency
1741548262338,640x360,640x360,750x422,30,748,766,20.27.,21.00.,avc1.4D401F,mp4a.40.2,Low Latency
1741548262739,640x360,640x360,750x422,38,608,776,20.21.,21.00.,avc1.4D401F,mp4a.40.2,Low Latency
1741548263139,640x360,640x360,750x422,38,608,776,20.21.,21.00.,avc1.4D401F,mp4a.40.2,Low Latency
1741548263540,640x360,640x360,750x422,38,608,776,20.21.,21.00.,avc1.4D401F,mp4a.40.2,Low Latency
1741548263941,640x360,640x360,750x422,30,608,776,20.15.,20.86.,avc1.4D401F,mp4a.40.2,Low Latency
1741548264345,640x360,640x360,750x422,30,608,776,20.15.,20.86.,avc1.4D401F,mp4a.40.2,Low Latency
1741548264744,640x360,640x360,750x422,26,608,728,19.92.,20.86.,avc1.4D401F,mp4a.40.2,Low Latency
1741548265145,640x360,640x360,750x422,26,608,728,19.92.,20.86.,avc1.4D401F,mp4a.40.2,Low Latency
1741548265545,640x360,640x360,750x422,26,608,728,19.92.,20.86.,avc1.4D401F,mp4a.40.2,Low Latency
1741548265947,640x360,640x360,750x422,26,608,728,19.92.,20.86.,avc1.4D401F,mp4a.40.2,Low Latency
1741548266347,640x360,640x360,750x422,26,608,728,19.92.,20.86.,avc1.4D401F,mp4a.40.2,Low Latency
1741548266748,640x360,640x360,750x422,31,498,778,20.19.,22.55.,avc1.4D401F,mp4a.40.2,Low Latency
1741548267150,640x360,640x360,750x422,31,498,778,20.19.,22.55.,avc1.4D401F,mp4a.40.2,Low Latency
1741548267550,640x360,640x360,750x422,31,498,778,20.19.,22.55.,avc1.4D401F,mp4a.40.2,Low Latency
1741548267951,640x360,640x360,750x422,34,498,778,20.16.,20.79.,avc1.4D401F,mp4a.40.2,Low Latency
1741548268352,640x360,640x360,750x422,34,498,778,20.16.,20.79.,avc1.4D401F,mp4a.40.2,Low Latency
1741548268753,640x360,640x360,750x422,23,526,683,20.02.,20.66.,avc1.4D401F,mp4a.40.2,Low Latency
1741548269154,640x360,640x360,750x422,23,526,683,20.02.,20.66.,avc1.4D401F,mp4a.40.2,Low Latency
1741548269556,640x360,640x360,750x422,23,526,683,20.02.,20.66.,avc1.4D401F,mp4a.40.2,Low Latency
1741548269956,640x360,640x360,750x422,19,526,683,19.80.,20.66.,avc1.4D401F,mp4a.40.2,Low Latency
1741548270357,640x360,640x360,750x422,19,526,683,19.80.,20.66.,avc1.4D401F,mp4a.40.2,Low Latency
1741548270759,640x360,640x360,750x422,34,555,726,20.04.,20.52.,avc1.4D401F,mp4a.40.2,Low Latency
1741548271160,640x360,640x360,750x422,34,555,726,20.04.,20.52.,avc1.4D401F,mp4a.40.2,Low Latency
1741548271562,640x360,640x360,750x422,34,555,726,20.04.,20.52.,avc1.4D401F,mp4a.40.2,Low Latency
1741548271963,640x360,640x360,750x422,42,555,726,20.01.,20.52.,avc1.4D401F,mp4a.40.2,Low Latency
1741548272363,640x360,640x360,750x422,42,555,726,20.01.,20.52.,avc1.4D401F,mp4a.40.2,Low Latency
1741548272764,640x360,640x360,750x422,34,576,742,19.91.,20.64.,avc1.4D401F,mp4a.40.2,Low Latency
1741548273166,640x360,640x360,750x422,34,576,742,19.91.,20.64.,avc1.4D401F,mp4a.40.2,Low Latency
1741548273566,640x360,640x360,750x422,34,576,742,19.91.,20.64.,avc1.4D401F,mp4a.40.2,Low Latency
1741548273966,640x360,640x360,750x422,37,576,742,19.88.,20.64.,avc1.4D401F,mp4a.40.2,Low Latency
1741548274368,640x360,640x360,750x422,37,576,742,19.88.,20.64.,avc1.4D401F,mp4a.40.2,Low Latency
1741548274768,640x360,640x360,750x422,22,587,743,19.76.,20.51.,avc1.4D401F,mp4a.40.2,Low Latency
1741548275169,640x360,640x360,750x422,22,587,743,19.76.,20.51.,avc1.4D401F,mp4a.40.2,Low Latency
1741548275569,640x360,640x360,750x422,22,587,743,19.76.,20.51.,avc1.4D401F,mp4a.40.2,Low Latency
1741548275975,640x360,640x360,750x422,23,587,743,19.83.,20.51.,avc1.4D401F,mp4a.40.2,Low Latency
1741548276381,640x360,640x360,750x422,23,587,743,19.83.,20.51.,avc1.4D401F,mp4a.40.2,Low Latency
1741548276780,640x360,640x360,750x422,33,464,643,19.79.,20.36.,avc1.4D401F,mp4a.40.2,Low Latency
1741548277180,640x360,640x360,750x422,33,464,643,19.79.,20.36.,avc1.4D401F,mp4a.40.2,Low Latency
1741548277581,640x360,640x360,750x422,33,464,643,19.79.,20.36.,avc1.4D401F,mp4a.40.2,Low Latency
1741548277982,640x360,640x360,750x422,24,464,643,19.81.,20.36.,avc1.4D401F,mp4a.40.2,Low Latency
1741548278382,640x360,640x360,750x422,24,464,643,19.81.,20.36.,avc1.4D401F,mp4a.40.2,Low Latency
1741548278784,640x360,640x360,750x422,26,613,750,19.80.,20.28.,avc1.4D401F,mp4a.40.2,Low Latency
1741548279186,640x360,640x360,750x422,26,613,750,19.80.,20.28.,avc1.4D401F,mp4a.40.2,Low Latency
1741548279587,640x360,640x360,750x422,26,613,750,19.80.,20.28.,avc1.4D401F,mp4a.40.2,Low Latency
1741548279988,640x360,640x360,750x422,31,613,750,19.77.,20.28.,avc1.4D401F,mp4a.40.2,Low Latency
1741548280389,640x360,640x360,750x422,31,613,750,19.77.,20.28.,avc1.4D401F,mp4a.40.2,Low Latency
1741548280790,640x360,640x360,750x422,23,673,765,19.66.,20.41.,avc1.4D401F,mp4a.40.2,Low Latency
1741548281191,640x360,640x360,750x422,30,673,765,18.22.,20.27.,avc1.4D401F,mp4a.40.2,Low Latency
1741548281592,640x360,640x360,750x422,30,673,765,18.22.,20.27.,avc1.4D401F,mp4a.40.2,Low Latency
1741548281993,640x360,640x360,750x422,30,673,765,18.22.,20.27.,avc1.4D401F,mp4a.40.2,Low Latency
1741548282393,640x360,640x360,750x422,30,673,765,18.22.,20.27.,avc1.4D401F,mp4a.40.2,Low Latency
1741548282793,640x360,640x360,750x422,30,673,765,18.22.,20.27.,avc1.4D401F,mp4a.40.2,Low Latency
1741548283193,640x360,640x360,750x422,30,673,765,18.22.,20.27.,avc1.4D401F,mp4a.40.2,Low Latency
1741548283594,640x360,640x360,750x422,30,673,765,18.22.,20.27.,avc1.4D401F,mp4a.40.2,Low Latency
1741548283995,640x360,640x360,750x422,33,561,584,19.59.,20.27.,avc1.4D401F,mp4a.40.2,Low Latency
1741548284395,640x360,640x360,750x422,33,561,584,19.59.,20.27.,avc1.4D401F,mp4a.40.2,Low Latency
1741548284795,640x360,640x360,750x422,34,537,756,300.03.,20.30.,avc1.4D401F,mp4a.40.2,Low Latency
1741548285196,640x360,640x360,750x422,34,537,756,300.03.,20.30.,avc1.4D401F,mp4a.40.2,Low Latency
1741548285597,640x360,640x360,750x422,34,537,756,300.03.,20.30.,avc1.4D401F,mp4a.40.2,Low Latency
1741548285997,640x360,640x360,750x422,10,537,756,300.03.,20.30.,avc1.4D401F,mp4a.40.2,Low Latency
1741548286398,640x360,640x360,750x422,10,537,756,300.03.,20.30.,avc1.4D401F,mp4a.40.2,Low Latency
1741548286798,640x360,640x360,750x422,10,537,756,300.03.,20.30.,avc1.4D401F,mp4a.40.2,Low Latency
1741548287199,640x360,640x360,750x422,10,537,756,300.03.,20.30.,avc1.4D401F,mp4a.40.2,Low Latency
1741548287599,640x360,640x360,750x422,10,537,756,300.03.,20.30.,avc1.4D401F,mp4a.40.2,Low Latency
1741548288000,640x360,640x360,750x422,10,537,756,300.03.,20.30.,avc1.4D401F,mp4a.40.2,Low Latency
1741548288400,640x360,640x360,750x422,10,537,756,300.03.,20.30.,avc1.4D401F,mp4a.40.2,Low Latency
1741548288801,640x360,640x360,750x422,10,537,756,300.03.,20.30.,avc1.4D401F,mp4a.40.2,Low Latency
1741548289201,640x360,640x360,750x422,10,537,756,300.03.,20.30.,avc1.4D401F,mp4a.40.2,Low Latency
1741548289601,640x360,640x360,750x422,10,537,756,300.03.,20.30.,avc1.4D401F,mp4a.40.2,Low Latency
1741548290002,640x360,640x360,750x422,10,537,756,300.03.,20.30.,avc1.4D401F,mp4a.40.2,Low Latency
1741548290403,640x360,640x360,750x422,10,537,756,300.03.,20.30.,avc1.4D401F,mp4a.40.2,Low Latency
1741548290804,640x360,640x360,750x422,10,537,756,300.03.,20.30.,avc1.4D401F,mp4a.40.2,Low Latency
1741548291205,640x360,640x360,750x422,10,537,756,300.03.,20.30.,avc1.4D401F,mp4a.40.2,Low Latency
1741548291606,640x360,640x360,750x422,10,537,756,300.03.,20.30.,avc1.4D401F,mp4a.40.2,Low Latency
1741548292007,640x360,640x360,750x422,10,537,756,300.03.,20.30.,avc1.4D401F,mp4a.40.2,Low Latency
1741548292407,640x360,640x360,750x422,10,537,756,300.03.,20.30.,avc1.4D401F,mp4a.40.2,Low Latency
1741548292807,640x360,640x360,750x422,10,537,756,300.03.,20.30.,avc1.4D401F,mp4a.40.2,Low Latency
1741548293207,640x360,640x360,750x422,10,537,756,300.03.,20.30.,avc1.4D401F,mp4a.40.2,Low Latency
1741548293608,640x360,640x360,750x422,10,537,756,300.03.,20.30.,avc1.4D401F,mp4a.40.2,Low Latency
1741548294009,640x360,640x360,750x422,10,537,756,300.03.,20.30.,avc1.4D401F,mp4a.40.2,Low Latency
1741548294410,640x360,640x360,750x422,10,537,756,300.03.,20.30.,avc1.4D401F,mp4a.40.2,Low Latency
1741548294810,640x360,640x360,750x422,10,537,756,300.03.,20.30.,avc1.4D401F,mp4a.40.2,Low Latency
1741548295211,640x360,640x360,750x422,10,537,756,300.03.,20.30.,avc1.4D401F,mp4a.40.2,Low Latency
1741548295612,640x360,640x360,750x422,10,537,756,300.03.,20.30.,avc1.4D401F,mp4a.40.2,Low Latency
1741548296013,640x360,640x360,750x422,10,537,756,300.03.,20.30.,avc1.4D401F,mp4a.40.2,Low Latency
1741548296414,640x360,640x360,750x422,10,537,756,300.03.,20.30.,avc1.4D401F,mp4a.40.2,Low Latency
1741548296815,640x360,640x360,750x422,10,537,756,300.03.,20.30.,avc1.4D401F,mp4a.40.2,Low Latency
1741548297215,640x360,640x360,750x422,10,537,756,300.03.,20.30.,avc1.4D401F,mp4a.40.2,Low Latency
1741548297615,640x360,640x360,750x422,10,537,756,300.03.,20.30.,avc1.4D401F,mp4a.40.2,Low Latency
1741548298016,640x360,640x360,750x422,10,537,756,300.03.,20.30.,avc1.4D401F,mp4a.40.2,Low Latency
1741548298416,640x360,640x360,750x422,10,537,756,300.03.,20.30.,avc1.4D401F,mp4a.40.2,Low Latency
1741548298817,640x360,640x360,750x422,10,537,756,300.03.,20.30.,avc1.4D401F,mp4a.40.2,Low Latency
1741548299217,640x360,640x360,750x422,10,537,756,300.03.,20.30.,avc1.4D401F,mp4a.40.2,Low Latency
1741548299617,640x360,640x360,750x422,10,537,756,300.03.,20.30.,avc1.4D401F,mp4a.40.2,Low Latency
1741548300018,640x360,640x360,750x422,10,537,756,300.03.,20.30.,avc1.4D401F,mp4a.40.2,Low Latency
1741548300419,640x360,640x360,750x422,10,537,756,300.03.,20.30.,avc1.4D401F,mp4a.40.2,Low Latency
1741548300820,640x360,640x360,750x422,10,537,756,300.03.,20.30.,avc1.4D401F,mp4a.40.2,Low Latency
1741548301220,640x360,640x360,750x422,10,537,756,300.03.,20.30.,avc1.4D401F,mp4a.40.2,Low Latency
1741548301620,640x360,640x360,750x422,10,537,756,300.03.,20.30.,avc1.4D401F,mp4a.40.2,Low Latency
1741548302022,640x360,640x360,750x422,10,537,756,300.03.,20.30.,avc1.4D401F,mp4a.40.2,Low Latency
1741548302425,640x360,640x360,750x422,10,537,756,300.03.,20.30.,avc1.4D401F,mp4a.40.2,Low Latency
1741548302826,640x360,640x360,750x422,10,537,756,300.03.,20.30.,avc1.4D401F,mp4a.40.2,Low Latency
1741548303226,640x360,640x360,750x422,10,537,756,300.03.,20.30.,avc1.4D401F,mp4a.40.2,Low Latency
1741548303627,640x360,640x360,750x422,10,537,756,300.03.,20.30.,avc1.4D401F,mp4a.40.2,Low Latency
1741548304028,640x360,640x360,750x422,10,537,756,300.03.,20.30.,avc1.4D401F,mp4a.40.2,Low Latency
1741548304429,640x360,640x360,750x422,10,537,756,300.03.,20.30.,avc1.4D401F,mp4a.40.2,Low Latency
1741548304830,640x360,640x360,750x422,10,537,756,300.03.,20.30.,avc1.4D401F,mp4a.40.2,Low Latency
1741548305231,640x360,640x360,750x422,10,537,756,300.03.,20.30.,avc1.4D401F,mp4a.40.2,Low Latency
1741548305632,640x360,640x360,750x422,10,537,756,300.03.,20.30.,avc1.4D401F,mp4a.40.2,Low Latency
1741548306032,640x360,640x360,750x422,10,537,756,300.03.,20.30.,avc1.4D401F,mp4a.40.2,Low Latency
1741548306432,640x360,640x360,750x422,10,537,756,300.03.,20.30.,avc1.4D401F,mp4a.40.2,Low Latency
1741548306831,640x360,640x360,750x422,10,537,756,300.03.,20.30.,avc1.4D401F,mp4a.40.2,Low Latency
1741548307231,640x360,640x360,750x422,10,537,756,300.03.,20.30.,avc1.4D401F,mp4a.40.2,Low Latency
1741548307632,640x360,640x360,750x422,10,537,756,300.03.,20.30.,avc1.4D401F,mp4a.40.2,Low Latency
1741548308033,640x360,640x360,750x422,10,537,756,300.03.,20.30.,avc1.4D401F,mp4a.40.2,Low Latency
1741548308433,640x360,640x360,750x422,10,537,756,300.03.,20.30.,avc1.4D401F,mp4a.40.2,Low Latency
1741548308833,640x360,640x360,750x422,10,537,756,300.03.,20.30.,avc1.4D401F,mp4a.40.2,Low Latency
1741548309234,640x360,640x360,750x422,10,537,756,300.03.,20.30.,avc1.4D401F,mp4a.40.2,Low Latency
1741548309635,640x360,640x360,750x422,10,537,756,300.03.,20.30.,avc1.4D401F,mp4a.40.2,Low Latency
1741548310036,640x360,640x360,750x422,10,537,756,300.03.,20.30.,avc1.4D401F,mp4a.40.2,Low Latency
1741548310435,640x360,640x360,750x422,10,537,756,300.03.,20.30.,avc1.4D401F,mp4a.40.2,Low Latency
1741548310835,640x360,640x360,750x422,10,537,756,300.03.,20.30.,avc1.4D401F,mp4a.40.2,Low Latency
1741548311236,640x360,640x360,750x422,10,537,756,300.03.,20.30.,avc1.4D401F,mp4a.40.2,Low Latency
1741548311637,640x360,640x360,750x422,10,537,756,300.03.,20.30.,avc1.4D401F,mp4a.40.2,Low Latency
1741548312037,640x360,640x360,750x422,10,537,756,300.03.,20.30.,avc1.4D401F,mp4a.40.2,Low Latency
1741548312437,640x360,640x360,750x422,10,537,756,300.03.,20.30.,avc1.4D401F,mp4a.40.2,Low Latency
1741548312837,640x360,640x360,750x422,10,537,756,300.03.,20.30.,avc1.4D401F,mp4a.40.2,Low Latency
1741548313238,640x360,640x360,750x422,10,537,756,300.03.,20.30.,avc1.4D401F,mp4a.40.2,Low Latency
1741548313638,640x360,640x360,750x422,10,537,756,300.03.,20.30.,avc1.4D401F,mp4a.40.2,Low Latency
1741548314039,640x360,640x360,750x422,10,537,756,300.03.,20.30.,avc1.4D401F,mp4a.40.2,Low Latency
1741548314439,640x360,640x360,750x422,10,537,756,300.03.,20.30.,avc1.4D401F,mp4a.40.2,Low Latency
1741548314839,640x360,640x360,750x422,10,537,756,300.03.,20.30.,avc1.4D401F,mp4a.40.2,Low Latency
1741548315239,640x360,640x360,750x422,10,537,756,300.03.,20.30.,avc1.4D401F,mp4a.40.2,Low Latency
1741548315640,640x360,640x360,750x422,10,537,756,300.03.,20.30.,avc1.4D401F,mp4a.40.2,Low Latency
1741548316040,640x360,640x360,750x422,10,537,756,300.03.,20.30.,avc1.4D401F,mp4a.40.2,Low Latency
1741548316441,640x360,640x360,750x422,10,537,756,300.03.,20.30.,avc1.4D401F,mp4a.40.2,Low Latency
1741548316842,640x360,640x360,750x422,10,537,756,300.03.,20.30.,avc1.4D401F,mp4a.40.2,Low Latency
1741548317242,640x360,640x360,750x422,10,537,756,300.03.,20.30.,avc1.4D401F,mp4a.40.2,Low Latency
1741548317643,640x360,640x360,750x422,10,537,756,300.03.,20.30.,avc1.4D401F,mp4a.40.2,Low Latency
1741548318043,640x360,640x360,750x422,10,537,756,300.03.,20.30.,avc1.4D401F,mp4a.40.2,Low Latency
1741548318444,640x360,640x360,750x422,10,537,756,300.03.,20.30.,avc1.4D401F,mp4a.40.2,Low Latency
1741548318845,640x360,640x360,750x422,10,537,756,300.03.,20.30.,avc1.4D401F,mp4a.40.2,Low Latency
1741548319246,640x360,640x360,750x422,10,537,756,300.03.,20.30.,avc1.4D401F,mp4a.40.2,Low Latency
1741548319646,640x360,640x360,750x422,10,537,756,300.03.,20.30.,avc1.4D401F,mp4a.40.2,Low Latency
1741548320046,640x360,640x360,750x422,10,537,756,300.03.,20.30.,avc1.4D401F,mp4a.40.2,Low Latency
1741548320447,640x360,640x360,750x422,10,537,756,300.03.,20.30.,avc1.4D401F,mp4a.40.2,Low Latency
1741548320846,640x360,640x360,750x422,10,537,756,300.03.,20.30.,avc1.4D401F,mp4a.40.2,Low Latency
1741548321247,640x360,640x360,750x422,10,537,756,300.03.,20.30.,avc1.4D401F,mp4a.40.2,Low Latency
1741548321647,640x360,640x360,750x422,10,537,756,300.03.,20.30.,avc1.4D401F,mp4a.40.2,Low Latency
1741548322047,640x360,640x360,750x422,10,537,756,300.03.,20.30.,avc1.4D401F,mp4a.40.2,Low Latency
1741548322447,640x360,640x360,750x422,10,537,756,300.03.,20.30.,avc1.4D401F,mp4a.40.2,Low Latency
1741548322848,640x360,640x360,750x422,10,537,756,300.03.,20.30.,avc1.4D401F,mp4a.40.2,Low Latency
1741548323247,640x360,640x360,750x422,10,537,756,300.03.,20.30.,avc1.4D401F,mp4a.40.2,Low Latency
1741548323648,640x360,640x360,750x422,10,537,756,300.03.,20.30.,avc1.4D401F,mp4a.40.2,Low Latency
1741548324049,640x360,640x360,750x422,10,537,756,300.03.,20.30.,avc1.4D401F,mp4a.40.2,Low Latency
1741548324450,640x360,640x360,750x422,10,537,756,300.03.,20.30.,avc1.4D401F,mp4a.40.2,Low Latency
1741548324850,640x360,640x360,750x422,10,537,756,300.03.,20.30.,avc1.4D401F,mp4a.40.2,Low Latency
1741548325250,640x360,640x360,750x422,10,537,756,300.03.,20.30.,avc1.4D401F,mp4a.40.2,Low Latency
1741548325651,640x360,640x360,750x422,10,537,756,300.03.,20.30.,avc1.4D401F,mp4a.40.2,Low Latency
1741548326051,640x360,640x360,750x422,10,537,756,300.03.,20.30.,avc1.4D401F,mp4a.40.2,Low Latency
1741548326451,640x360,640x360,750x422,10,537,756,300.03.,20.30.,avc1.4D401F,mp4a.40.2,Low Latency
1741548326851,640x360,640x360,750x422,10,537,756,300.03.,20.30.,avc1.4D401F,mp4a.40.2,Low Latency
1741548327250,640x360,640x360,750x422,10,537,756,300.03.,20.30.,avc1.4D401F,mp4a.40.2,Low Latency
1741548327651,640x360,640x360,750x422,10,537,756,300.03.,20.30.,avc1.4D401F,mp4a.40.2,Low Latency
1741548328051,640x360,640x360,750x422,10,537,756,300.03.,20.30.,avc1.4D401F,mp4a.40.2,Low Latency
1741548328452,640x360,640x360,750x422,10,537,756,300.03.,20.30.,avc1.4D401F,mp4a.40.2,Low Latency
1741548328853,640x360,640x360,750x422,10,537,756,300.03.,20.30.,avc1.4D401F,mp4a.40.2,Low Latency
1741548329254,640x360,640x360,750x422,10,537,756,300.03.,20.30.,avc1.4D401F,mp4a.40.2,Low Latency
1741548329654,640x360,640x360,750x422,10,537,756,300.03.,20.30.,avc1.4D401F,mp4a.40.2,Low Latency
1741548330054,640x360,640x360,750x422,10,537,756,300.03.,20.30.,avc1.4D401F,mp4a.40.2,Low Latency
1741548330454,640x360,640x360,750x422,10,537,756,300.03.,20.30.,avc1.4D401F,mp4a.40.2,Low Latency
1741548330855,640x360,640x360,750x422,10,537,756,300.03.,20.30.,avc1.4D401F,mp4a.40.2,Low Latency
1741548331256,640x360,640x360,750x422,10,537,756,300.03.,20.30.,avc1.4D401F,mp4a.40.2,Low Latency
1741548331657,640x360,640x360,750x422,10,537,756,300.03.,20.30.,avc1.4D401F,mp4a.40.2,Low Latency
1741548332056,640x360,640x360,750x422,10,537,756,300.03.,20.30.,avc1.4D401F,mp4a.40.2,Low Latency
1741548332457,640x360,640x360,750x422,10,537,756,300.03.,20.30.,avc1.4D401F,mp4a.40.2,Low Latency
1741548332858,640x360,640x360,750x422,10,537,756,300.03.,20.30.,avc1.4D401F,mp4a.40.2,Low Latency
1741548333258,640x360,640x360,750x422,10,537,756,300.03.,20.30.,avc1.4D401F,mp4a.40.2,Low Latency
1741548333657,640x360,640x360,750x422,10,537,756,300.03.,20.30.,avc1.4D401F,mp4a.40.2,Low Latency
1741548334058,640x360,640x360,750x422,10,537,756,300.03.,20.30.,avc1.4D401F,mp4a.40.2,Low Latency
1741548334459,640x360,640x360,750x422,10,537,756,300.03.,20.30.,avc1.4D401F,mp4a.40.2,Low Latency
1741548334860,640x360,640x360,750x422,10,537,756,300.03.,20.30.,avc1.4D401F,mp4a.40.2,Low Latency
1741548335260,640x360,640x360,750x422,10,537,756,300.03.,20.30.,avc1.4D401F,mp4a.40.2,Low Latency
1741548335660,640x360,640x360,750x422,10,537,756,300.03.,20.30.,avc1.4D401F,mp4a.40.2,Low Latency
1741548336060,640x360,640x360,750x422,10,537,756,300.03.,20.30.,avc1.4D401F,mp4a.40.2,Low Latency
1741548336461,640x360,640x360,750x422,10,537,756,300.03.,20.30.,avc1.4D401F,mp4a.40.2,Low Latency
1741548336862,640x360,640x360,750x422,10,537,756,300.03.,20.30.,avc1.4D401F,mp4a.40.2,Low Latency
1741548337263,640x360,640x360,750x422,10,537,756,300.03.,20.30.,avc1.4D401F,mp4a.40.2,Low Latency
1741548337663,640x360,640x360,750x422,10,537,756,300.03.,20.30.,avc1.4D401F,mp4a.40.2,Low Latency
1741548338064,640x360,640x360,750x422,10,537,756,300.03.,20.30.,avc1.4D401F,mp4a.40.2,Low Latency
1741548338464,640x360,640x360,750x422,10,537,756,300.03.,20.30.,avc1.4D401F,mp4a.40.2,Low Latency
1741548338864,640x360,640x360,750x422,10,537,756,300.03.,20.30.,avc1.4D401F,mp4a.40.2,Low Latency
1741548339265,640x360,640x360,750x422,10,537,756,300.03.,20.30.,avc1.4D401F,mp4a.40.2,Low Latency
1741548339665,640x360,640x360,750x422,10,537,756,300.03.,20.30.,avc1.4D401F,mp4a.40.2,Low Latency
1741548340071,640x360,640x360,750x422,10,537,756,300.03.,20.30.,avc1.4D401F,mp4a.40.2,Low Latency
1741548340472,640x360,640x360,750x422,10,537,756,300.03.,20.30.,avc1.4D401F,mp4a.40.2,Low Latency
1741548340875,640x360,640x360,750x422,10,537,756,300.03.,20.30.,avc1.4D401F,mp4a.40.2,Low Latency
1741548341276,640x360,640x360,750x422,10,537,756,300.03.,20.30.,avc1.4D401F,mp4a.40.2,Low Latency
1741548341677,640x360,640x360,750x422,10,537,756,300.03.,20.30.,avc1.4D401F,mp4a.40.2,Low Latency
1741548342077,640x360,640x360,750x422,10,537,756,300.03.,20.30.,avc1.4D401F,mp4a.40.2,Low Latency
1741548342477,640x360,640x360,750x422,10,537,756,300.03.,20.30.,avc1.4D401F,mp4a.40.2,Low Latency
1741548342878,640x360,640x360,750x422,10,537,756,300.03.,20.30.,avc1.4D401F,mp4a.40.2,Low Latency
1741548343278,640x360,640x360,750x422,10,537,756,300.03.,20.30.,avc1.4D401F,mp4a.40.2,Low Latency
1741548343678,640x360,640x360,750x422,10,537,756,300.03.,20.30.,avc1.4D401F,mp4a.40.2,Low Latency
1741548344078,640x360,640x360,750x422,10,537,756,300.03.,20.30.,avc1.4D401F,mp4a.40.2,Low Latency
1741548344478,640x360,640x360,750x422,10,537,756,300.03.,20.30.,avc1.4D401F,mp4a.40.2,Low Latency
1741548344879,640x360,640x360,750x422,10,537,756,300.03.,20.30.,avc1.4D401F,mp4a.40.2,Low Latency
1741548345279,640x360,640x360,750x422,10,537,756,300.03.,20.30.,avc1.4D401F,mp4a.40.2,Low Latency
1741548345683,640x360,640x360,750x422,10,537,756,300.03.,20.30.,avc1.4D401F,mp4a.40.2,Low Latency
1741548346084,640x360,640x360,750x422,10,537,756,300.03.,20.30.,avc1.4D401F,mp4a.40.2,Low Latency
1741548346485,640x360,640x360,750x422,10,537,756,300.03.,20.30.,avc1.4D401F,mp4a.40.2,Low Latency
1741548346886,640x360,640x360,750x422,10,537,756,300.03.,20.30.,avc1.4D401F,mp4a.40.2,Low Latency
1741548347287,640x360,640x360,750x422,10,537,756,300.03.,20.30.,avc1.4D401F,mp4a.40.2,Low Latency
1741548347687,640x360,640x360,750x422,10,537,756,300.03.,20.30.,avc1.4D401F,mp4a.40.2,Low Latency
1741548348088,640x360,640x360,750x422,10,537,756,300.03.,20.30.,avc1.4D401F,mp4a.40.2,Low Latency
1741548348489,640x360,640x360,750x422,10,537,756,300.03.,20.30.,avc1.4D401F,mp4a.40.2,Low Latency
1741548348889,640x360,640x360,750x422,10,537,756,300.03.,20.30.,avc1.4D401F,mp4a.40.2,Low Latency
1741548349289,640x360,640x360,750x422,10,537,756,300.03.,20.30.,avc1.4D401F,mp4a.40.2,Low Latency
1741548349689,640x360,640x360,750x422,10,537,756,300.03.,20.30.,avc1.4D401F,mp4a.40.2,Low Latency
1741548350089,640x360,640x360,750x422,10,537,756,300.03.,20.30.,avc1.4D401F,mp4a.40.2,Low Latency
